7.00000  0.
7.00200    9.32261E-08
7.00400    2.68722E-06
7.00600    1.85044E-05
7.00800    3.64426E-05
7.01000    2.48524E-05
7.01200    9.70256E-06
7.01400    2.04596E-06
7.01600    1.38437E-07
7.01800  0.
7.02000  0.
7.02200  0.
7.02400  0.
7.02600  0.
7.02800  0.
7.03000  0.
7.03200  0.
7.03400  0.
7.03600  0.
7.03800  0.
7.04000  0.
7.04200  0.
7.04400  0.
7.04600  0.
7.04800  0.
7.05000  0.
7.05200  0.
7.05400  0.
7.05600  0.
7.05800  0.
7.06000  0.
7.06200  0.
7.06400    7.80424E-08
7.06600    1.71750E-06
7.06800    2.09509E-05
7.07000    1.77355E-04
7.07200    7.87979E-04
7.07400    1.90059E-03
7.07600    2.72361E-03
7.07800    2.03049E-03
7.08000    7.07184E-04
7.08200    1.05657E-04
7.08400    1.18266E-04
7.08600    7.61242E-04
7.08800    1.66768E-03
7.09000    1.22870E-03
7.09200    5.54519E-04
7.09400    1.96885E-03
7.09600    5.17038E-03
7.09800    5.39640E-03
7.10000    4.02952E-03
7.10200    5.39310E-03
7.10400    4.87689E-03
7.10600    2.17023E-03
7.10800    6.21400E-04
7.11000    1.45527E-04
7.11200    1.75024E-05
7.11400    6.73384E-07
7.11600  0.
7.11800  0.
7.12000  0.
7.12200    1.39531E-07
7.12400    2.97356E-06
7.12600    1.98055E-05
7.12800    6.39726E-05
7.13000    1.46646E-04
7.13200    1.72560E-04
7.13400    1.01480E-04
7.13600    3.14816E-05
7.13800    3.98971E-06
7.14000    1.51850E-07
7.14200  0.
7.14400  0.
7.14600  0.
7.14800  0.
7.15000  0.
7.15200  0.
7.15400  0.
7.15600  0.
7.15800  0.
7.16000  0.
7.16200  0.
7.16400  0.
7.16600  0.
7.16800  0.
7.17000  0.
7.17200  0.
7.17400  0.
7.17600  0.
7.17800    7.96336E-09
7.18000    1.25826E-06
7.18200    1.95124E-05
7.18400    9.14115E-05
7.18600    1.34416E-04
7.18800    6.14163E-05
7.19000    9.31477E-06
7.19200    7.03236E-06
7.19400    2.53451E-05
7.19600    5.04783E-05
 7.19800    3.63245E-05
 7.20000    7.86493E-06
 7.20200    4.87240E-07
 7.20400    1.09562E-09
 7.20600  0.
 7.20800  0.
 7.21000  0.
 7.21200    1.59558E-08
 7.21400    1.59962E-06
 7.21600    4.70786E-05
 7.21800    5.13437E-04
 7.22000    2.46626E-03
 7.22200    6.09574E-03
 7.22400    9.72004E-03
 7.22600    9.74726E-03
 7.22800    7.50023E-03
 7.23000    1.75392E-02
 7.23200    3.08328E-02
 7.23400    2.24044E-02
 7.23600    1.57043E-02
 7.23800    3.31030E-02
 7.24000    5.02123E-02
 7.24200    4.01686E-02
 7.24400    1.57484E-02
 7.24600    2.60804E-03
 7.24800    3.38899E-04
 7.25000    1.00606E-03
 7.25200    1.55916E-03
 7.25400    7.08106E-04
 7.25600    2.03882E-04
 7.25800    6.55251E-04
 7.26000    1.20261E-03
 7.26200    9.20716E-04
 7.26400    4.35167E-04
 7.26600    1.10813E-04
 7.26800    1.09948E-05
 7.27000    3.20609E-07
 7.27200  0.
 7.27400  0.
 7.27600  0.
 7.27800  0.
 7.28000  0.
 7.28200  0.
 7.28400    2.39229E-07
 7.28600    1.24057E-05
 7.28800    1.60657E-04
 7.29000    7.61308E-04
 7.29200    1.62420E-03
 7.29400    3.15634E-03
 7.29600    6.70276E-03
 7.29800    6.80133E-03
 7.30000    2.66020E-03
 7.30200    3.94374E-04
 7.30400    2.59584E-05
 7.30600    1.53366E-06
 7.30800    3.24399E-05
 7.31000    5.43233E-04
 7.31200    4.01107E-03
 7.31400    1.36662E-02
 7.31600    2.48678E-02
 7.31800    2.59948E-02
 7.32000    1.56254E-02
 7.32200    9.70768E-03
 7.32400    7.39914E-03
 7.32600    3.64459E-03
 7.32800    1.26148E-03
 7.33000    2.30205E-04
 7.33200    1.65050E-05
 7.33400    3.29599E-07
 7.33600  0.
 7.33800  0.
 7.34000  0.
 7.34200  0.
 7.34400  0.
 7.34600    1.48127E-07
 7.34800    9.95963E-06
 7.35000    2.09180E-04
 7.35200    1.89833E-03
 7.35400    7.71584E-03
 7.35600    1.27604E-02
 7.35800    9.10172E-03
 7.36000    5.55662E-03
 7.36200    7.84936E-03
 7.36400    3.07439E-02
 7.36600    6.97410E-02
 7.36800    6.74922E-02
 7.37000    4.36203E-02
 7.37200    3.69520E-02
 7.37400    2.77969E-02
 7.37600    9.73529E-03
 7.37800    1.54730E-03
 7.38000    1.85445E-04
 7.38200    1.86699E-03
 7.38400    1.54864E-02
 7.38600    5.42575E-02
 7.38800    8.66330E-02
 7.39000    8.53378E-02
 7.39200    1.02252E-01
 7.39400   0.110541
 7.39600   0.111129
 7.39800    8.22945E-02
 7.40000    6.27773E-02
 7.40200    5.68183E-02
 7.40400    4.68408E-02
 7.40600    2.42655E-02
 7.40800    5.11637E-03
 7.41000    5.74710E-04
 7.41200    1.94951E-03
 7.41400    1.42660E-02
 7.41600    3.75715E-02
 7.41800    5.16085E-02
 7.42000    6.43489E-02
 7.42200    4.99467E-02
 7.42400    3.42595E-02
 7.42600    4.67628E-02
 7.42800    8.34123E-02
 7.43000   0.125043
 7.43200   0.165519
 7.43400   0.176072
 7.43600   0.143235
 7.43800   0.118150
 7.44000    9.78947E-02
 7.44200    1.00333E-01
 7.44400    8.37144E-02
 7.44600    4.01490E-02
 7.44800    1.42016E-02
 7.45000    1.00370E-02
 7.45200    4.30599E-03
 7.45400    6.92747E-04
 7.45600    5.70013E-05
 7.45800    5.03651E-06
 7.46000    2.47684E-07
 7.46200    7.29990E-11
 7.46400  0.
 7.46600  0.
 7.46800  0.
 7.47000    4.20444E-09
 7.47200    7.30222E-07
 7.47400    1.24699E-05
 7.47600    5.63809E-05
 7.47800    6.81048E-05
 7.48000    3.59862E-05
 7.48200    3.52611E-04
 7.48400    2.97764E-03
 7.48600    1.16264E-02
 7.48800    4.35555E-02
 7.49000   0.116944
 7.49200   0.161822
 7.49400   0.148065
 7.49600   0.146253
 7.49800   0.119641
 7.50000   0.112387
 7.50200    9.22158E-02
 7.50400    3.18880E-02
 7.50600    3.60424E-02
 7.50800   0.150492
 7.51000   0.324561
 7.51200   0.415631
 7.51400   0.388071
 7.51600   0.253431
 7.51800    9.38892E-02
 7.52000    4.22130E-02
 7.52200    9.82686E-02
 7.52400   0.230369
 7.52600   0.327708
 7.52800   0.236939
 7.53000    8.71873E-02
 7.53200    3.13298E-02
 7.53400    3.03240E-02
 7.53600   0.108081
 7.53800   0.210980
 7.54000   0.200325
 7.54200   0.222548
 7.54400   0.341812
 7.54600   0.382206
 7.54800   0.293489
 7.55000   0.224190
 7.55200   0.178650
 7.55400   0.137997
 7.55600    6.90768E-02
 7.55800    8.12823E-02
 7.56000   0.131885
 7.56200    1.04771E-01
 7.56400    6.09661E-02
 7.56600    7.16241E-02
 7.56800    6.21381E-02
 7.57000    2.16436E-02
 7.57200    2.97377E-03
 7.57400    2.68889E-04
 7.57600    2.53606E-05
 7.57800    1.02162E-06
 7.58000    9.04295E-08
 7.58200    7.35384E-06
 7.58400    1.33177E-04
 7.58600    7.52493E-04
 7.58800    1.30854E-03
 7.59000    7.06272E-04
 7.59200    1.45364E-04
 7.59400    3.51707E-04
 7.59600    3.00512E-03
 7.59800    1.52510E-02
 7.60000    3.71782E-02
 7.60200    4.34503E-02
 7.60400    2.39218E-02
 7.60600    6.78760E-03
 7.60800    5.66539E-03
 7.61000    4.57394E-03
 7.61200    1.18543E-03
 7.61400    1.03835E-04
 7.61600    2.43973E-05
 7.61800    2.11833E-04
 7.62000    3.51538E-03
 7.62200    2.10322E-02
 7.62400    5.19775E-02
 7.62600   0.112651
 7.62800   0.195645
 7.63000   0.201002
 7.63200   0.205292
 7.63400   0.191465
 7.63600   0.184836
 7.63800   0.176110
 7.64000   0.115751
 7.64200    4.51375E-02
 7.64400    9.78836E-03
 7.64600    2.66710E-02
 7.64800    9.45203E-02
 7.65000   0.124895
 7.65200    7.30505E-02
 7.65400    3.05852E-02
 7.65600    7.31020E-03
 7.65800    1.09247E-03
 7.66000    3.19159E-03
 7.66200    5.25702E-03
 7.66400    4.15087E-03
 7.66600    9.23471E-03
 7.66800    1.64781E-02
 7.67000    1.23164E-02
 7.67200    1.33785E-02
 7.67400    2.99813E-02
 7.67600    5.74939E-02
 7.67800    9.13193E-02
 7.68000    7.52169E-02
 7.68200    4.18719E-02
 7.68400    8.18173E-02
 7.68600   0.172542
 7.68800   0.226073
 7.69000   0.164331
 7.69200    8.07408E-02
 7.69400    8.60188E-02
 7.69600   0.185747
 7.69800   0.315475
 7.70000   0.280350
 7.70200   0.212744
 7.70400   0.143135
 7.70600    6.36905E-02
 7.70800    4.04979E-02
 7.71000    2.08631E-02
 7.71200    1.23977E-02
 7.71400    6.70237E-02
 7.71600   0.170112
 7.71800   0.157021
 7.72000   0.114960
 7.72200   0.130718
 7.72400   0.120213
 7.72600   0.152908
 7.72800   0.187992
 7.73000   0.230368
 7.73200   0.204168
 7.73400   0.158857
 7.73600   0.166335
 7.73800   0.230802
 7.74000   0.361856
 7.74200   0.359861
 7.74400   0.320199
 7.74600   0.272802
 7.74800   0.135253
 7.75000   0.132595
 7.75200   0.185525
 7.75400   0.226975
 7.75600   0.214552
 7.75800    8.78336E-02
 7.76000    1.97592E-02
 7.76200    5.22879E-03
 7.76400    9.44992E-04
 7.76600    1.71165E-03
 7.76800    1.80521E-02
 7.77000    7.50198E-02
 7.77200   0.150059
 7.77400   0.200153
 7.77600   0.226314
 7.77800   0.356508
 7.78000   0.472238
 7.78200   0.412108
 7.78400   0.252989
 7.78600   0.118648
 7.78800   0.110976
 7.79000   0.114268
 7.79200    8.84856E-02
 7.79400    1.03356E-01
 7.79600   0.152616
 7.79800   0.247896
 7.80000   0.308734
 7.80200   0.218501
 7.80400   0.162886
 7.80600   0.189493
 7.80800   0.169508
 7.81000   0.119672
 7.81200    7.65488E-02
 7.81400   0.169525
 7.81600   0.344765
 7.81800   0.384026
 7.82000   0.423619
 7.82200   0.457732
 7.82400   0.375514
 7.82600   0.310577
 7.82800   0.195347
 7.83000   0.158231
 7.83200   0.194526
 7.83400   0.257975
 7.83600   0.364037
 7.83800   0.358770
 7.84000   0.209532
 7.84200   0.155938
 7.84400   0.198891
 7.84600   0.294583
 7.84800   0.366855
 7.85000   0.254428
 7.85200   0.138704
 7.85400   0.137176
 7.85600    9.76840E-02
 7.85800    3.83122E-02
 7.86000    1.16377E-02
 7.86200    1.76309E-03
 7.86400    8.40652E-04
 7.86600    4.35964E-03
 7.86800    1.42972E-02
 7.87000    2.71122E-02
 7.87200    2.06229E-02
 7.87400    7.60251E-03
 7.87600    1.40021E-02
 7.87800    2.79721E-02
 7.88000    3.01153E-02
 7.88200    1.81077E-02
 7.88400    5.84948E-03
 7.88600    7.47933E-03
 7.88800    4.17081E-02
 7.89000   0.157554
 7.89200   0.253454
 7.89400   0.168716
 7.89600    8.92153E-02
 7.89800    6.20269E-02
 7.90000    3.71404E-02
 7.90200    4.01781E-02
 7.90400   0.115994
 7.90600   0.231022
 7.90800   0.346541
 7.91000   0.311456
 7.91200   0.204362
 7.91400   0.230808
 7.91600   0.247987
 7.91800   0.306737
 7.92000   0.378687
 7.92200   0.280996
 7.92400   0.182159
 7.92600   0.191880
 7.92800   0.171570
 7.93000    7.82901E-02
 7.93200    1.46697E-02
 7.93400    1.37619E-03
 7.93600    3.68770E-03
 7.93800    2.70792E-02
 7.94000    9.11482E-02
 7.94200   0.154664
 7.94400   0.155863
 7.94600   0.185777
 7.94800   0.365675
 7.95000   0.539576
 7.95200   0.503287
 7.95400   0.436315
 7.95600   0.451307
 7.95800   0.401734
 7.96000   0.490225
 7.96200   0.641196
 7.96400   0.622222
 7.96600   0.502420
 7.96800   0.382861
 7.97000   0.346005
 7.97200   0.398265
 7.97400   0.352354
 7.97600   0.204625
 7.97800   0.246063
 7.98000   0.487281
 7.98200   0.564752
 7.98400   0.409797
 7.98600   0.450502
 7.98800   0.569004
 7.99000   0.468032
 7.99200   0.472992
 7.99400   0.626983
 7.99600   0.683822
 7.99800   0.680935
 8.00000   0.569657
 8.00200   0.495701
 8.00400   0.550045
 8.00600   0.620445
 8.00800   0.619472
 8.01000   0.575761
 8.01200   0.500513
 8.01400   0.388705
 8.01600   0.558002
 8.01800   0.734503
 8.02000   0.670714
 8.02200   0.549333
 8.02400   0.577664
 8.02600   0.570833
 8.02800   0.497414
 8.03000   0.416256
 8.03200   0.311595
 8.03400   0.195589
 8.03600    7.71400E-02
 8.03800    4.14125E-02
 8.04000   0.131395
 8.04200   0.260451
 8.04400   0.341247
 8.04600   0.371153
 8.04800   0.486464
 8.05000   0.601802
 8.05200   0.600325
 8.05400   0.683549
 8.05600   0.689283
 8.05800   0.593774
 8.06000   0.634332
 8.06200   0.688189
 8.06400   0.629670
 8.06600   0.631048
 8.06800   0.574693
 8.07000   0.488931
 8.07200   0.565069
 8.07400   0.683561
 8.07600   0.742774
 8.07800   0.724414
 8.08000   0.658305
 8.08200   0.452156
 8.08400   0.430667
 8.08600   0.571418
 8.08800   0.543750
 8.09000   0.525087
 8.09200   0.676716
 8.09400   0.836369
 8.09600   0.879482
 8.09800   0.884823
 8.10000   0.890413
 8.10200   0.890609
 8.10400   0.872684
 8.10600   0.805601
 8.10800   0.775059
 8.11000   0.822327
 8.11200   0.838455
 8.11400   0.866277
 8.11600   0.889647
 8.11800   0.895718
 8.12000   0.896731
 8.12200   0.897776
 8.12400   0.887995
 8.12600   0.824799
 8.12800   0.704558
 8.13000   0.677590
 8.13200   0.692538
 8.13400   0.622345
 8.13600   0.666422
 8.13800   0.731881
 8.14000   0.811236
 8.14200   0.865766
 8.14400   0.874502
 8.14600   0.860027
 8.14800   0.808386
 8.15000   0.732748
 8.15200   0.721063
 8.15400   0.676382
 8.15600   0.528754
 8.15800   0.342672
 8.16000   0.134685
 8.16200    4.58564E-02
 8.16400   0.124692
 8.16600   0.366729
 8.16800   0.591336
 8.17000   0.694396
 8.17200   0.757442
 8.17400   0.775741
 8.17600   0.758084
 8.17800   0.693266
 8.18000   0.688479
 8.18200   0.722660
 8.18400   0.661739
 8.18600   0.701279
 8.18800   0.676915
 8.19000   0.580070
 8.19200   0.656875
 8.19400   0.707922
 8.19600   0.728138
 8.19800   0.739181
 8.20000   0.718988
 8.20200   0.657598
 8.20400   0.441198
 8.20600   0.205080
 8.20800   0.263145
 8.21000   0.532597
 8.21200   0.714788
 8.21400   0.802429
 8.21600   0.851002
 8.21800   0.855169
 8.22000   0.822701
 8.22200   0.787043
 8.22400   0.796556
 8.22600   0.770805
 8.22800   0.730440
 8.23000   0.688728
 8.23200   0.733642
 8.23400   0.828449
 8.23600   0.851140
 8.23800   0.835405
 8.24000   0.796785
 8.24200   0.706894
 8.24400   0.541482
 8.24600   0.316761
 8.24800   0.110228
 8.25000    7.57047E-02
 8.25200   0.187545
 8.25400   0.218418
 8.25600   0.206503
 8.25800   0.405520
 8.26000   0.641965
 8.26200   0.765536
 8.26400   0.801802
 8.26600   0.827228
 8.26800   0.844372
 8.27000   0.834659
 8.27200   0.805163
 8.27400   0.817725
 8.27600   0.871571
 8.27800   0.888194
 8.28000   0.886699
 8.28200   0.883921
 8.28400   0.886093
 8.28600   0.882597
 8.28800   0.813974
 8.29000   0.705121
 8.29200   0.696188
 8.29400   0.817847
 8.29600   0.883906
 8.29800   0.887392
 8.30000   0.897060
 8.30200   0.909871
 8.30400   0.909671
 8.30600   0.900651
 8.30800   0.892394
 8.31000   0.892018
 8.31200   0.897420
 8.31400   0.897100
 8.31600   0.893857
 8.31800   0.898023
 8.32000   0.897910
 8.32200   0.888086
 8.32400   0.881990
 8.32600   0.883171
 8.32800   0.894840
 8.33000   0.897715
 8.33200   0.889970
 8.33400   0.877431
 8.33600   0.856213
 8.33800   0.826015
 8.34000   0.759804
 8.34200   0.586995
 8.34400   0.300901
 8.34600   0.145909
 8.34800   0.307636
 8.35000   0.588805
 8.35200   0.764685
 8.35400   0.835523
 8.35600   0.853633
 8.35800   0.847836
 8.36000   0.839109
 8.36200   0.859282
 8.36400   0.879182
 8.36600   0.882847
 8.36800   0.882762
 8.37000   0.894925
 8.37200   0.906475
 8.37400   0.894112
 8.37600   0.860782
 8.37800   0.799410
 8.38000   0.809102
 8.38200   0.853384
 8.38400   0.860579
 8.38600   0.867843
 8.38800   0.869886
 8.39000   0.865952
 8.39200   0.814477
 8.39400   0.735941
 8.39600   0.755577
 8.39800   0.819187
 8.40000   0.823712
 8.40200   0.849681
 8.40400   0.870113
 8.40600   0.863048
 8.40800   0.872871
 8.41000   0.862560
 8.41200   0.837896
 8.41400   0.833435
 8.41600   0.800067
 8.41800   0.706730
 8.42000   0.543382
 8.42200   0.285504
 8.42400    9.86409E-02
 8.42600   0.165808
 8.42800   0.421148
 8.43000   0.633225
 8.43200   0.738564
 8.43400   0.780924
 8.43600   0.795182
 8.43800   0.831319
 8.44000   0.865354
 8.44200   0.845674
 8.44400   0.817095
 8.44600   0.838723
 8.44800   0.858053
 8.45000   0.865009
 8.45200   0.887369
 8.45400   0.876739
 8.45600   0.865123
 8.45800   0.885481
 8.46000   0.877050
 8.46200   0.859600
 8.46400   0.869467
 8.46600   0.814358
 8.46800   0.701953
 8.47000   0.745351
 8.47200   0.836744
 8.47400   0.850380
 8.47600   0.874966
 8.47800   0.882568
 8.48000   0.854695
 8.48200   0.832212
 8.48400   0.803394
 8.48600   0.814324
 8.48800   0.854719
 8.49000   0.872324
 8.49200   0.851485
 8.49400   0.847559
 8.49600   0.847615
 8.49800   0.801908
 8.50000   0.783572
 8.50200   0.811308
 8.50400   0.793937
 8.50600   0.744278
 8.50800   0.659610
 8.51000   0.456744
 8.51200   0.194455
 8.51400    6.72917E-02
 8.51600   0.138749
 8.51800   0.253061
 8.52000   0.339406
 8.52200   0.540814
 8.52400   0.721130
 8.52600   0.818726
 8.52800   0.846353
 8.53000   0.844817
 8.53200   0.866345
 8.53400   0.867633
 8.53600   0.849600
 8.53800   0.872164
 8.54000   0.886283
 8.54200   0.880219
 8.54400   0.882756
 8.54600   0.871843
 8.54800   0.871182
 8.55000   0.882916
 8.55200   0.873274
 8.55400   0.883181
 8.55600   0.905195
 8.55800   0.912860
 8.56000   0.914375
 8.56200   0.912385
 8.56400   0.909281
 8.56600   0.901832
 8.56800   0.884200
 8.57000   0.875370
 8.57200   0.857914
 8.57400   0.754698
 8.57600   0.553378
 8.57800   0.442932
 8.58000   0.323499
 8.58200   0.233257
 8.58400   0.399768
 8.58600   0.683962
 8.58800   0.826390
 8.59000   0.836752
 8.59200   0.832521
 8.59400   0.862289
 8.59600   0.879493
 8.59800   0.877950
 8.60000   0.880194
 8.60200   0.873410
 8.60400   0.874404
 8.60600   0.886313
 8.60800   0.876502
 8.61000   0.871873
 8.61200   0.894480
 8.61400   0.891935
 8.61600   0.872798
 8.61800   0.886212
 8.62000   0.884814
 8.62200   0.870435
 8.62400   0.890402
 8.62600   0.885982
 8.62800   0.861500
 8.63000   0.883195
 8.63200   0.885724
 8.63400   0.862014
 8.63600   0.886563
 8.63800   0.894182
 8.64000   0.867143
 8.64200   0.881520
 8.64400   0.892132
 8.64600   0.868923
 8.64800   0.879878
 8.65000   0.886735
 8.65200   0.864869
 8.65400   0.880599
 8.65600   0.888081
 8.65800   0.855383
 8.66000   0.850630
 8.66200   0.861977
 8.66400   0.858800
 8.66600   0.874489
 8.66800   0.882760
 8.67000   0.841317
 8.67200   0.817476
 8.67400   0.752312
 8.67600   0.538757
 8.67800   0.499791
 8.68000   0.672360
 8.68200   0.635535
 8.68400   0.542262
 8.68600   0.683746
 8.68800   0.808309
 8.69000   0.857008
 8.69200   0.867005
 8.69400   0.823296
 8.69600   0.742783
 8.69800   0.532524
 8.70000   0.403874
 8.70200   0.618981
 8.70400   0.812853
 8.70600   0.845424
 8.70800   0.865741
 8.71000   0.889381
 8.71200   0.872350
 8.71400   0.879326
 8.71600   0.895792
 8.71800   0.875576
 8.72000   0.878150
 8.72200   0.896069
 8.72400   0.888175
 8.72600   0.891718
 8.72800   0.904872
 8.73000   0.892935
 8.73200   0.891685
 8.73400   0.901067
 8.73600   0.892995
 8.73800   0.894469
 8.74000   0.906891
 8.74200   0.891894
 8.74400   0.882099
 8.74600   0.888734
 8.74800   0.892221
 8.75000   0.902865
 8.75200   0.915408
 8.75400   0.907089
 8.75600   0.894990
 8.75800   0.889344
 8.76000   0.869550
 8.76200   0.882424
 8.76400   0.910987
 8.76600   0.908821
 8.76800   0.895389
 8.77000   0.896771
 8.77200   0.895906
 8.77400   0.901806
 8.77600   0.910189
 8.77800   0.902455
 8.78000   0.884862
 8.78200   0.882611
 8.78400   0.873118
 8.78600   0.848022
 8.78800   0.753155
 8.79000   0.508904
 8.79200   0.357782
 8.79400   0.538549
 8.79600   0.724219
 8.79800   0.761225
 8.80000   0.679510
 8.80200   0.444174
 8.80400   0.180300
 8.80600   0.175414
 8.80800   0.441985
 8.81000   0.700745
 8.81200   0.820667
 8.81400   0.843321
 8.81600   0.847438
 8.81800   0.861894
 8.82000   0.865680
 8.82200   0.875436
 8.82400   0.897934
 8.82600   0.894129
 8.82800   0.879258
 8.83000   0.897899
 8.83200   0.911738
 8.83400   0.893936
 8.83600   0.889790
 8.83800   0.893586
 8.84000   0.883266
 8.84200   0.891353
 8.84400   0.896743
 8.84600   0.888413
 8.84800   0.886504
 8.85000   0.894347
 8.85200   0.906716
 8.85400   0.901350
 8.85600   0.892571
 8.85800   0.893612
 8.86000   0.910206
 8.86200   0.926320
 8.86400   0.915361
 8.86600   0.890828
 8.86800   0.897487
 8.87000   0.904494
 8.87200   0.891116
 8.87400   0.905205
 8.87600   0.925580
 8.87800   0.916676
 8.88000   0.884714
 8.88200   0.883061
 8.88400   0.896162
 8.88600   0.899075
 8.88800   0.896755
 8.89000   0.894102
 8.89200   0.894629
 8.89400   0.880691
 8.89600   0.866678
 8.89800   0.865489
 8.90000   0.892119
 8.90200   0.915538
 8.90400   0.925840
 8.90600   0.913373
 8.90800   0.870663
 8.91000   0.861855
 8.91200   0.889155
 8.91400   0.854837
 8.91600   0.676962
 8.91800   0.409527
 8.92000   0.356376
 8.92200   0.502453
 8.92400   0.725720
 8.92600   0.866889
 8.92800   0.908771
 8.93000   0.916176
 8.93200   0.895252
 8.93400   0.873159
 8.93600   0.866105
 8.93800   0.874300
 8.94000   0.901324
 8.94200   0.906965
 8.94400   0.889804
 8.94600   0.876276
 8.94800   0.878169
 8.95000   0.894320
 8.95200   0.884446
 8.95400   0.886394
 8.95600   0.902794
 8.95800   0.914757
 8.96000   0.923011
 8.96200   0.930878
 8.96400   0.916633
 8.96600   0.892026
 8.96800   0.898646
 8.97000   0.912936
 8.97200   0.911772
 8.97400   0.913226
 8.97600   0.912719
 8.97800   0.917948
 8.98000   0.912068
 8.98200   0.906285
 8.98400   0.910127
 8.98600   0.913117
 8.98800   0.912413
 8.99000   0.899798
 8.99200   0.862999
 8.99400   0.710330
 8.99600   0.466145
  8.99800   0.504217
  9.00000   0.732948
  9.00200   0.849176
  9.00400   0.883693
  9.00600   0.895297
  9.00800   0.906356
  9.01000   0.918317
  9.01200   0.928112
  9.01400   0.922896
  9.01600   0.924567
  9.01800   0.924634
  9.02000   0.907022
  9.02200   0.907075
  9.02400   0.916249
  9.02600   0.908948
  9.02800   0.894409
  9.03000   0.873032
  9.03200   0.778261
  9.03400   0.541780
  9.03600   0.442365
  9.03800   0.663832
  9.04000   0.840136
  9.04200   0.900886
  9.04400   0.912555
  9.04600   0.904858
  9.04800   0.908095
  9.05000   0.920937
  9.05200   0.926022
  9.05400   0.924120
  9.05600   0.913512
  9.05800   0.906397
  9.06000   0.918540
  9.06200   0.918465
  9.06400   0.910354
  9.06600   0.919631
  9.06800   0.918949
  9.07000   0.905971
  9.07200   0.884404
  9.07400   0.854203
  9.07600   0.748144
  9.07800   0.549069
  9.08000   0.564785
  9.08200   0.773144
  9.08400   0.879235
  9.08600   0.905275
  9.08800   0.891831
  9.09000   0.834873
  9.09200   0.679738
  9.09400   0.603677
  9.09600   0.765509
  9.09800   0.879791
  9.10000   0.902731
  9.10200   0.904402
  9.10400   0.908818
  9.10600   0.915343
  9.10800   0.919091
  9.11000   0.916252
  9.11200   0.919782
  9.11400   0.925800
  9.11600   0.922777
  9.11800   0.916981
  9.12000   0.916223
  9.12200   0.922825
  9.12400   0.922885
  9.12600   0.922689
  9.12800   0.919775
  9.13000   0.916700
  9.13200   0.901161
  9.13400   0.889114
  9.13600   0.900157
  9.13800   0.905658
  9.14000   0.903998
  9.14200   0.905628
  9.14400   0.912239
  9.14600   0.913338
  9.14800   0.910575
  9.15000   0.911563
  9.15200   0.912225
  9.15400   0.912003
  9.15600   0.905725
  9.15800   0.900016
  9.16000   0.870662
  9.16200   0.731988
  9.16400   0.572610
  9.16600   0.681918
  9.16800   0.849283
  9.17000   0.901206
  9.17200   0.904643
  9.17400   0.896569
  9.17600   0.899190
  9.17800   0.905038
  9.18000   0.905713
  9.18200   0.899980
  9.18400   0.899604
  9.18600   0.905063
  9.18800   0.902894
  9.19000   0.880704
  9.19200   0.863194
  9.19400   0.875941
  9.19600   0.884770
  9.19800   0.890568
  9.20000   0.887918
  9.20200   0.897777
  9.20400   0.911401
  9.20600   0.907743
  9.20800   0.887988
  9.21000   0.854022
  9.21200   0.823069
  9.21400   0.844449
  9.21600   0.887609
  9.21800   0.886006
  9.22000   0.870532
  9.22200   0.891389
  9.22400   0.909708
  9.22600   0.907445
  9.22800   0.887006
  9.23000   0.874977
  9.23200   0.897297
  9.23400   0.912061
  9.23600   0.910567
  9.23800   0.883944
  9.24000   0.865521
  9.24200   0.888532
  9.24400   0.893037
  9.24600   0.861012
  9.24800   0.789284
  9.25000   0.787838
  9.25200   0.866580
  9.25400   0.904068
  9.25600   0.903787
  9.25800   0.884929
  9.26000   0.847205
  9.26200   0.865810
  9.26400   0.911876
  9.26600   0.922813
  9.26800   0.903493
  9.27000   0.858787
  9.27200   0.849207
  9.27400   0.895109
  9.27600   0.914642
  9.27800   0.905768
  9.28000   0.878485
  9.28200   0.837447
  9.28400   0.863458
  9.28600   0.900328
  9.28800   0.908043
  9.29000   0.890600
  9.29200   0.815603
  9.29400   0.791870
  9.29600   0.866247
  9.29800   0.903924
  9.30000   0.879996
  9.30200   0.806083
  9.30400   0.714245
  9.30600   0.577481
  9.30800   0.570015
  9.31000   0.762704
  9.31200   0.880415
  9.31400   0.893120
  9.31600   0.843526
  9.31800   0.828518
  9.32000   0.870565
  9.32200   0.858744
  9.32400   0.855045
  9.32600   0.880830
  9.32800   0.854715
  9.33000   0.838208
  9.33200   0.875855
  9.33400   0.900141
  9.33600   0.905834
  9.33800   0.887921
  9.34000   0.841798
  9.34200   0.822395
  9.34400   0.860970
  9.34600   0.875492
  9.34800   0.883840
  9.35000   0.885543
  9.35200   0.833732
  9.35400   0.763328
  9.35600   0.747089
  9.35800   0.780940
  9.36000   0.805319
  9.36200   0.807569
  9.36400   0.810040
  9.36600   0.756207
  9.36800   0.747478
  9.37000   0.786095
  9.37200   0.742895
  9.37400   0.671197
  9.37600   0.597553
  9.37800   0.413290
  9.38000   0.326086
  9.38200   0.455048
  9.38400   0.617010
  9.38600   0.703132
  9.38800   0.675187
  9.39000   0.637281
  9.39200   0.595888
  9.39400   0.578593
  9.39600   0.597847
  9.39800   0.656136
  9.40000   0.592541
  9.40200   0.466204
  9.40400   0.473870
  9.40600   0.555254
  9.40800   0.576728
  9.41000   0.439760
  9.41200   0.352628
  9.41400   0.449168
  9.41600   0.493424
  9.41800   0.433876
  9.42000   0.398442
  9.42200   0.418339
  9.42400   0.375142
  9.42600   0.399883
  9.42800   0.413856
  9.43000   0.335160
  9.43200   0.277112
  9.43400   0.324064
  9.43600   0.373389
  9.43800   0.377044
  9.44000   0.382120
  9.44200   0.381483
  9.44400   0.382355
  9.44600   0.373310
  9.44800   0.273665
  9.45000   0.320469
  9.45200   0.443383
  9.45400   0.402833
  9.45600   0.375522
  9.45800   0.275672
  9.46000   0.277095
  9.46200   0.409520
  9.46400   0.404780
  9.46600   0.264331
  9.46800   0.194952
  9.47000   0.209464
  9.47200   0.289856
  9.47400   0.334201
  9.47600   0.289881
  9.47800   0.243173
  9.48000   0.261292
  9.48200   0.371312
  9.48400   0.353595
  9.48600   0.250627
  9.48800   0.269269
  9.49000   0.267404
  9.49200   0.236980
  9.49400   0.279946
  9.49600   0.261569
  9.49800   0.267829
  9.50000   0.334142
  9.50200   0.268583
  9.50400   0.192082
  9.50600   0.263388
  9.50800   0.343253
  9.51000   0.327095
  9.51200   0.347755
  9.51400   0.285802
  9.51600   0.200576
  9.51800   0.218498
  9.52000   0.227738
  9.52200   0.280943
  9.52400   0.424210
  9.52600   0.412642
  9.52800   0.285611
  9.53000   0.288056
  9.53200   0.307376
  9.53400   0.319446
  9.53600   0.420223
  9.53800   0.443590
  9.54000   0.322116
  9.54200   0.283219
  9.54400   0.314484
  9.54600   0.321225
  9.54800   0.414228
  9.55000   0.516034
  9.55200   0.467261
  9.55400   0.402685
  9.55600   0.480307
  9.55800   0.471121
  9.56000   0.447494
  9.56200   0.565060
  9.56400   0.675801
  9.56600   0.673265
  9.56800   0.591021
  9.57000   0.597197
  9.57200   0.585304
  9.57400   0.595704
  9.57600   0.739006
  9.57800   0.828585
  9.58000   0.808744
  9.58200   0.786495
  9.58400   0.804362
  9.58600   0.768074
  9.58800   0.747333
  9.59000   0.768225
  9.59200   0.757799
  9.59400   0.736214
  9.59600   0.652401
  9.59800   0.460997
  9.60000   0.294143
  9.60200   0.246127
  9.60400   0.233678
  9.60600   0.243906
  9.60800   0.249060
  9.61000   0.235775
  9.61200   0.260997
  9.61400   0.269934
  9.61600   0.258459
  9.61800   0.241132
  9.62000   0.198881
  9.62200   0.227949
  9.62400   0.297316
  9.62600   0.295301
  9.62800   0.236438
  9.63000   0.232045
  9.63200   0.298663
  9.63400   0.348335
  9.63600   0.317177
  9.63800   0.288134
  9.64000   0.320216
  9.64200   0.350200
  9.64400   0.309481
  9.64600   0.291066
  9.64800   0.340436
  9.65000   0.373473
  9.65200   0.373049
  9.65400   0.386083
  9.65600   0.386047
  9.65800   0.400925
  9.66000   0.377714
  9.66200   0.327899
  9.66400   0.287109
  9.66600   0.380084
  9.66800   0.437633
  9.67000   0.433961
  9.67200   0.424261
  9.67400   0.475214
  9.67600   0.493550
  9.67800   0.409661
  9.68000   0.365112
  9.68200   0.379676
  9.68400   0.455659
  9.68600   0.469885
  9.68800   0.472655
  9.69000   0.453870
  9.69200   0.477092
  9.69400   0.458348
  9.69600   0.417516
  9.69800   0.405825
  9.70000   0.394802
  9.70200   0.475316
  9.70400   0.495916
  9.70600   0.505143
  9.70800   0.460973
  9.71000   0.451590
  9.71200   0.437683
  9.71400   0.406315
  9.71600   0.410816
  9.71800   0.348833
  9.72000   0.401922
  9.72200   0.414232
  9.72400   0.360869
  9.72600   0.344703
  9.72800   0.430797
  9.73000   0.510746
  9.73200   0.456752
  9.73400   0.448688
  9.73600   0.399972
  9.73800   0.400659
  9.74000   0.478320
  9.74200   0.458024
  9.74400   0.469418
  9.74600   0.462212
  9.74800   0.517318
  9.75000   0.507057
  9.75200   0.429130
  9.75400   0.445230
  9.75600   0.415955
  9.75800   0.450783
  9.76000   0.454271
  9.76200   0.435451
  9.76400   0.467868
  9.76600   0.466096
  9.76800   0.521459
  9.77000   0.499013
  9.77200   0.442146
  9.77400   0.445709
  9.77600   0.417616
  9.77800   0.482921
  9.78000   0.491779
  9.78200   0.443691
  9.78400   0.476136
  9.78600   0.505417
  9.78800   0.554815
  9.79000   0.508378
  9.79200   0.423102
  9.79400   0.449965
  9.79600   0.449527
  9.79800   0.485948
  9.80000   0.493650
  9.80200   0.435579
  9.80400   0.477134
  9.80600   0.517275
  9.80800   0.558441
  9.81000   0.573747
  9.81200   0.480324
  9.81400   0.452601
  9.81600   0.448448
  9.81800   0.479373
  9.82000   0.539677
  9.82200   0.469859
  9.82400   0.404213
  9.82600   0.448052
  9.82800   0.507898
  9.83000   0.572160
  9.83200   0.562513
  9.83400   0.515144
  9.83600   0.509821
  9.83800   0.494282
  9.84000   0.550131
  9.84200   0.605591
  9.84400   0.577811
  9.84600   0.567359
  9.84800   0.545505
  9.85000   0.582841
  9.85200   0.612324
  9.85400   0.538332
  9.85600   0.437285
  9.85800   0.394459
  9.86000   0.452958
  9.86200   0.561827
  9.86400   0.613931
  9.86600   0.598627
  9.86800   0.591590
  9.87000   0.578338
  9.87200   0.619092
  9.87400   0.654096
  9.87600   0.606167
  9.87800   0.592739
  9.88000   0.550362
  9.88200   0.501108
  9.88400   0.603120
  9.88600   0.664587
  9.88800   0.633128
  9.89000   0.620568
  9.89200   0.544560
  9.89400   0.552475
  9.89600   0.641178
  9.89800   0.600170
  9.90000   0.527933
  9.90200   0.566730
  9.90400   0.542614
  9.90600   0.572283
  9.90800   0.681477
  9.91000   0.679824
  9.91200   0.706597
  9.91400   0.713547
  9.91600   0.655458
  9.91800   0.673736
  9.92000   0.683200
  9.92200   0.666151
  9.92400   0.704431
  9.92600   0.693645
  9.92800   0.600404
  9.93000   0.643580
  9.93200   0.714523
  9.93400   0.702992
  9.93600   0.730016
  9.93800   0.717890
  9.94000   0.674428
  9.94200   0.698707
  9.94400   0.702739
  9.94600   0.705944
  9.94800   0.746806
  9.95000   0.737032
  9.95200   0.652619
  9.95400   0.666203
  9.95600   0.702119
  9.95800   0.720977
  9.96000   0.760555
  9.96200   0.733185
  9.96400   0.693933
  9.96600   0.705056
  9.96800   0.707583
  9.97000   0.733544
  9.97200   0.789173
  9.97400   0.808975
  9.97600   0.749326
  9.97800   0.704477
  9.98000   0.731446
  9.98200   0.775289
  9.98400   0.824897
  9.98600   0.833801
  9.98800   0.816227
  9.99000   0.786369
  9.99200   0.734585
  9.99400   0.734653
  9.99600   0.748838
  9.99800   0.768767
 10.00000   0.782018
 10.00200   0.756100
 10.00400   0.720775
 10.00600   0.764095
 10.00800   0.826972
 10.01000   0.815485
 10.01200   0.792801
 10.01400   0.833608
 10.01600   0.805422
 10.01800   0.756232
 10.02000   0.795700
 10.02200   0.849844
 10.02400   0.856348
 10.02600   0.841027
 10.02800   0.808384
 10.03000   0.772478
 10.03200   0.827576
 10.03400   0.878050
 10.03600   0.879315
 10.03800   0.881394
 10.04000   0.884582
 10.04200   0.829830
 10.04400   0.785047
 10.04600   0.831132
 10.04800   0.875742
 10.05000   0.875555
 10.05200   0.870263
 10.05400   0.838164
 10.05600   0.800554
 10.05800   0.836330
 10.06000   0.883622
 10.06200   0.892316
 10.06400   0.898869
 10.06600   0.899338
 10.06800   0.870971
 10.07000   0.830466
 10.07200   0.842478
 10.07400   0.887893
 10.07600   0.892482
 10.07800   0.887939
 10.08000   0.874204
 10.08200   0.858474
 10.08400   0.851471
 10.08600   0.874639
 10.08800   0.898052
 10.09000   0.909788
 10.09200   0.912025
 10.09400   0.900462
 10.09600   0.885332
 10.09800   0.860818
 10.10000   0.879060
 10.10200   0.906643
 10.10400   0.909461
 10.10600   0.902912
 10.10800   0.896262
 10.11000   0.890563
 10.11200   0.881906
 10.11400   0.897178
 10.11600   0.916093
 10.11800   0.922576
 10.12000   0.918153
 10.12200   0.917091
 10.12400   0.911099
 10.12600   0.889764
 10.12800   0.894211
 10.13000   0.912447
 10.13200   0.918431
 10.13400   0.909338
 10.13600   0.909803
 10.13800   0.915984
 10.14000   0.905756
 10.14200   0.908255
 10.14400   0.923857
 10.14600   0.919640
 10.14800   0.914392
 10.15000   0.925982
 10.15200   0.926754
 10.15400   0.909009
 10.15600   0.896352
 10.15800   0.898258
 10.16000   0.887582
 10.16200   0.886665
 10.16400   0.911930
 10.16600   0.924239
 10.16800   0.913746
 10.17000   0.900936
 10.17200   0.917515
 10.17400   0.932289
 10.17600   0.936436
 10.17800   0.934774
 10.18000   0.918748
 10.18200   0.896732
 10.18400   0.899056
 10.18600   0.916486
 10.18800   0.920770
 10.19000   0.921183
 10.19200   0.919912
 10.19400   0.905635
 10.19600   0.913060
 10.19800   0.927057
 10.20000   0.931565
 10.20200   0.935891
 10.20400   0.932104
 10.20600   0.910975
 10.20800   0.907747
 10.21000   0.930255
 10.21200   0.935903
 10.21400   0.930744
 10.21600   0.926996
 10.21800   0.910457
 10.22000   0.892311
 10.22200   0.913080
 10.22400   0.933890
 10.22600   0.934682
 10.22800   0.905948
 10.23000   0.839285
 10.23200   0.818381
 10.23400   0.869522
 10.23600   0.921371
 10.23800   0.937738
 10.24000   0.937679
 10.24200   0.923887
 10.24400   0.854890
 10.24600   0.748451
 10.24800   0.795818
 10.25000   0.902636
 10.25200   0.937273
 10.25400   0.941755
 10.25600   0.937923
 10.25800   0.914730
 10.26000   0.879744
 10.26200   0.895633
 10.26400   0.902993
 10.26600   0.837054
 10.26800   0.825055
 10.27000   0.863424
 10.27200   0.819588
 10.27400   0.815212
 10.27600   0.881272
 10.27800   0.928791
 10.28000   0.941317
 10.28200   0.938578
 10.28400   0.929156
 10.28600   0.913462
 10.28800   0.875339
 10.29000   0.861773
 10.29200   0.855867
 10.29400   0.818689
 10.29600   0.843971
 10.29800   0.912123
 10.30000   0.926298
 10.30200   0.889202
 10.30400   0.872564
 10.30600   0.913124
 10.30800   0.937919
 10.31000   0.944811
 10.31200   0.946677
 10.31400   0.942987
 10.31600   0.920250
 10.31800   0.885049
 10.32000   0.902722
 10.32200   0.936653
 10.32400   0.945779
 10.32600   0.947183
 10.32800   0.946626
 10.33000   0.939024
 10.33200   0.910035
 10.33400   0.891108
 10.33600   0.920552
 10.33800   0.939750
 10.34000   0.925108
 10.34200   0.888017
 10.34400   0.898352
 10.34600   0.925190
 10.34800   0.906244
 10.35000   0.891755
 10.35200   0.902523
 10.35400   0.918638
 10.35600   0.939064
 10.35800   0.947032
 10.36000   0.947455
 10.36200   0.939936
 10.36400   0.918333
 10.36600   0.914830
 10.36800   0.936710
 10.37000   0.947213
 10.37200   0.948942
 10.37400   0.949089
 10.37600   0.948955
 10.37800   0.944991
 10.38000   0.931687
 10.38200   0.927205
 10.38400   0.940755
 10.38600   0.948286
 10.38800   0.949567
 10.39000   0.949699
 10.39200   0.949112
 10.39400   0.944860
 10.39600   0.937191
 10.39800   0.937358
 10.40000   0.944256
 10.40200   0.946823
 10.40400   0.945522
 10.40600   0.946196
 10.40800   0.947518
 10.41000   0.946712
 10.41200   0.946363
 10.41400   0.947225
 10.41600   0.941733
 10.41800   0.924719
 10.42000   0.907779
 10.42200   0.908193
 10.42400   0.914297
 10.42600   0.927171
 10.42800   0.941144
 10.43000   0.945700
 10.43200   0.948242
 10.43400   0.949120
 10.43600   0.947652
 10.43800   0.937484
 10.44000   0.919653
 10.44200   0.926000
 10.44400   0.943261
 10.44600   0.948549
 10.44800   0.949079
 10.45000   0.948971
 10.45200   0.948428
 10.45400   0.944682
 10.45600   0.926592
 10.45800   0.903246
 10.46000   0.912281
 10.46200   0.908030
 10.46400   0.887053
 10.46600   0.850514
 10.46800   0.771857
 10.47000   0.822519
 10.47200   0.911201
 10.47400   0.915536
 10.47600   0.892568
 10.47800   0.910277
 10.48000   0.929821
 10.48200   0.936186
 10.48400   0.940265
 10.48600   0.918533
 10.48800   0.850205
 10.49000   0.838289
 10.49200   0.886688
 10.49400   0.882801
 10.49600   0.902413
 10.49800   0.936518
 10.50000   0.946734
 10.50200   0.948260
 10.50400   0.948423
 10.50600   0.948070
 10.50800   0.945831
 10.51000   0.931402
 10.51200   0.892982
 10.51400   0.888926
 10.51600   0.927934
 10.51800   0.945252
 10.52000   0.947645
 10.52200   0.947769
 10.52400   0.947694
 10.52600   0.946997
 10.52800   0.940809
 10.53000   0.911488
 10.53200   0.879184
 10.53400   0.905819
 10.53600   0.935965
 10.53800   0.940856
 10.54000   0.932337
 10.54200   0.877601
 10.54400   0.700645
 10.54600   0.603370
 10.54800   0.766102
 10.55000   0.858326
 10.55200   0.874280
 10.55400   0.917830
 10.55600   0.940435
 10.55800   0.943086
 10.56000   0.935594
 10.56200   0.914533
 10.56400   0.911294
 10.56600   0.931187
 10.56800   0.927616
 10.57000   0.892050
 10.57200   0.890696
 10.57400   0.928487
 10.57600   0.944104
  10.5780   0.945907
  10.5800   0.939980
  10.5820   0.919116
  10.5840   0.911431
  10.5860   0.928493
  10.5880   0.923461
  10.5900   0.890954
  10.5920   0.891594
  10.5940   0.927470
  10.5960   0.943920
  10.5980   0.947089
  10.6000   0.947424
  10.6020   0.947826
  10.6040   0.947525
  10.6060   0.946102
  10.6080   0.937291
  10.6100   0.907114
  10.6120   0.895951
  10.6140   0.926720
  10.6160   0.944305
  10.6180   0.947097
  10.6200   0.946206
  10.6220   0.943921
  10.6240   0.932656
  10.6260   0.908675
  10.6280   0.909200
  10.6300   0.911791
  10.6320   0.897139
  10.6340   0.917715
  10.6360   0.940238
  10.6380   0.945761
  10.6400   0.946176
  10.6420   0.946735
  10.6440   0.947032
  10.6460   0.947495
  10.6480   0.946643
  10.6500   0.937367
  10.6520   0.912971
  10.6540   0.910184
  10.6560   0.934994
  10.6580   0.945388
  10.6600   0.946333
  10.6620   0.947326
  10.6640   0.947579
  10.6660   0.945513
  10.6680   0.942508
  10.6700   0.942131
  10.6720   0.933731
  10.6740   0.913413
  10.6760   0.920407
  10.6780   0.940092
  10.6800   0.946000
  10.6820   0.946968
  10.6840   0.947572
  10.6860   0.948246
  10.6880   0.948127
  10.6900   0.947016
  10.6920   0.944213
  10.6940   0.933696
  10.6960   0.918794
  10.6980   0.927501
  10.7000   0.942771
  10.7020   0.947440
  10.7040   0.948065
  10.7060   0.947444
  10.7080   0.946889
  10.7100   0.947568
  10.7120   0.947910
  10.7140   0.946389
  10.7160   0.938579
  10.7180   0.925688
  10.7200   0.930735
  10.7220   0.942773
  10.7240   0.945623
  10.7260   0.945588
  10.7280   0.946268
  10.7300   0.946751
  10.7320   0.946835
  10.7340   0.947211
  10.7360   0.946772
  10.7380   0.942727
  10.7400   0.932257
  10.7420   0.930565
  10.7440   0.940430
  10.7460   0.945847
  10.7480   0.947185
  10.7500   0.946613
  10.7520   0.945957
  10.7540   0.946640
  10.7560   0.947366
  10.7580   0.947053
  10.7600   0.944826
  10.7620   0.933179
  10.7640   0.916886
  10.7660   0.921733
  10.7680   0.930895
  10.7700   0.939951
  10.7720   0.945998
  10.7740   0.947342
  10.7760   0.947514
  10.7780   0.947451
  10.7800   0.947194
  10.7820   0.946350
  10.7840   0.943853
  10.7860   0.938188
  10.7880   0.936657
  10.7900   0.942881
  10.7920   0.946040
  10.7940   0.946253
  10.7960   0.945735
  10.7980   0.944400
  10.8000   0.942161
  10.8020   0.937262
  10.8040   0.924172
  10.8060   0.904039
  10.8080   0.821644
  10.8100   0.637155
  10.8120   0.645567
  10.8140   0.834466
  10.8160   0.919683
  10.8180   0.937031
  10.8200   0.941694
  10.8220   0.943338
  10.8240   0.944303
  10.8260   0.944922
  10.8280   0.944903
  10.8300   0.943816
  10.8320   0.940810
  10.8340   0.936963
  10.8360   0.936128
  10.8380   0.935027
  10.8400   0.910983
  10.8420   0.793886
  10.8440   0.630548
  10.8460   0.716226
  10.8480   0.878180
  10.8500   0.919673
  10.8520   0.906800
  10.8540   0.908822
  10.8560   0.932445
  10.8580   0.940751
  10.8600   0.940697
  10.8620   0.943119
  10.8640   0.945215
  10.8660   0.945260
  10.8680   0.945090
  10.8700   0.945220
  10.8720   0.945774
  10.8740   0.946352
  10.8760   0.946432
  10.8780   0.946030
  10.8800   0.944960
  10.8820   0.942698
  10.8840   0.931249
  10.8860   0.893018
  10.8880   0.872212
  10.8900   0.913198
  10.8920   0.940406
  10.8940   0.945442
  10.8960   0.946177
  10.8980   0.946077
  10.9000   0.945236
  10.9020   0.944993
  10.9040   0.945914
  10.9060   0.946277
  10.9080   0.945205
  10.9100   0.943782
  10.9120   0.944860
  10.9140   0.946230
  10.9160   0.946481
  10.9180   0.946143
  10.9200   0.945277
  10.9220   0.945113
  10.9240   0.945920
  10.9260   0.946220
  10.9280   0.945552
  10.9300   0.943586
  10.9320   0.942882
  10.9340   0.943933
  10.9360   0.942990
  10.9380   0.932647
  10.9400   0.901579
  10.9420   0.897290
  10.9440   0.929211
  10.9460   0.943196
  10.9480   0.944783
  10.9500   0.944658
  10.9520   0.944711
  10.9540   0.945415
  10.9560   0.945551
  10.9580   0.944700
  10.9600   0.943967
  10.9620   0.943833
  10.9640   0.944111
  10.9660   0.944825
  10.9680   0.944686
  10.9700   0.943544
  10.9720   0.943131
  10.9740   0.943821
  10.9760   0.944289
  10.9780   0.942072
  10.9800   0.937461
  10.9820   0.936386
  10.9840   0.928950
  10.9860   0.921746
  10.9880   0.930209
  10.9900   0.936557
  10.9920   0.936296
  10.9940   0.932131
  10.9960   0.917274
  10.9980   0.844170
  11.0000   0.630343
  11.0020   0.508444
  11.0040   0.709215
  11.0060   0.878877
  11.0080   0.924165
  11.0100   0.933701
  11.0120   0.933930
  11.0140   0.935286
  11.0160   0.939064
  11.0180   0.941873
  11.0200   0.943421
  11.0220   0.943568
  11.0240   0.942436
  11.0260   0.937417
  11.0280   0.929241
  11.0300   0.929826
  11.0320   0.909651
  11.0340   0.864917
  11.0360   0.887115
  11.0380   0.931499
  11.0400   0.941927
  11.0420   0.937724
  11.0440   0.929361
  11.0460   0.933499
  11.0480   0.941885
  11.0500   0.944115
  11.0520   0.944063
  11.0540   0.944298
  11.0560   0.944715
  11.0580   0.944660
  11.0600   0.944255
  11.0620   0.944060
  11.0640   0.943720
  11.0660   0.943812
  11.0680   0.944493
  11.0700   0.944716
  11.0720   0.944599
  11.0740   0.944061
  11.0760   0.942901
  11.0780   0.941603
  11.0800   0.941025
  11.0820   0.940271
  11.0840   0.941148
  11.0860   0.942812
  11.0880   0.944028
  11.0900   0.944527
  11.0920   0.944592
  11.0940   0.944590
  11.0960   0.944526
  11.0980   0.944236
  11.1000   0.944066
  11.1020   0.944252
  11.1040   0.943896
  11.1060   0.942945
  11.1080   0.943198
  11.1100   0.944100
  11.1120   0.944346
  11.1140   0.944323
  11.1160   0.944278
  11.1180   0.944169
  11.1200   0.943996
  11.1220   0.943829
  11.1240   0.943624
  11.1260   0.943170
  11.1280   0.942599
  11.1300   0.942607
  11.1320   0.941706
  11.1340   0.939668
  11.1360   0.936465
  11.1380   0.920980
  11.1400   0.910601
  11.1420   0.928639
  11.1440   0.940808
  11.1460   0.942780
  11.1480   0.942327
  11.1500   0.941680
  11.1520   0.938438
  11.1540   0.932169
  11.1560   0.935243
  11.1580   0.940655
  11.1600   0.939367
  11.1620   0.937759
  11.1640   0.940721
  11.1660   0.942897
  11.1680   0.943155
  11.1700   0.942622
  11.1720   0.942346
  11.1740   0.942896
  11.1760   0.943260
  11.1780   0.943205
  11.1800   0.943160
  11.1820   0.943229
  11.1840   0.943246
  11.1860   0.943229
  11.1880   0.943187
  11.1900   0.943021
  11.1920   0.942522
  11.1940   0.942249
  11.1960   0.942612
  11.1980   0.942759
  11.2000   0.942780
  11.2020   0.942734
  11.2040   0.942628
  11.2060   0.942594
  11.2080   0.942494
  11.2100   0.942275
  11.2120   0.941769
  11.2140   0.939742
  11.2160   0.926697
  11.2180   0.880050
  11.2200   0.857263
  11.2220   0.906260
  11.2240   0.935586
  11.2260   0.939813
  11.2280   0.937455
  11.2300   0.930194
  11.2320   0.916562
  11.2340   0.888896
  11.2360   0.895321
  11.2380   0.926438
  11.2400   0.937764
  11.2420   0.939599
  11.2440   0.939521
  11.2460   0.938393
  11.2480   0.933318
  11.2500   0.901912
  11.2520   0.820763
  11.2540   0.812772
  11.2560   0.893237
  11.2580   0.928296
  11.2600   0.931714
  11.2620   0.928439
  11.2640   0.919646
  11.2660   0.888244
  11.2680   0.761546
  11.2700   0.509392
  11.2720   0.480106
  11.2740   0.728240
  11.2760   0.877710
  11.2780   0.917080
  11.2800   0.928457
  11.2820   0.933210
  11.2840   0.935503
  11.2860   0.936629
  11.2880   0.937178
  11.2900   0.937602
  11.2920   0.938514
  11.2940   0.939025
  11.2960   0.938976
  11.2980   0.938832
  11.3000   0.938364
  11.3020   0.936944
  11.3040   0.935585
  11.3060   0.934259
  11.3080   0.928341
  11.3100   0.897166
  11.3120   0.771945
  11.3140   0.631019
  11.3160   0.734659
  11.3180   0.881660
  11.3200   0.922227
  11.3220   0.914584
  11.3240   0.898242
  11.3260   0.915514
  11.3280   0.934138
  11.3300   0.938197
  11.3320   0.938746
  11.3340   0.938826
  11.3360   0.938933
  11.3380   0.938813
  11.3400   0.938281
  11.3420   0.937142
  11.3440   0.933049
  11.3460   0.908898
  11.3480   0.826145
  11.3500   0.775808
  11.3520   0.858408
  11.3540   0.921267
  11.3560   0.934858
  11.3580   0.937219
  11.3600   0.937959
  11.3620   0.938383
  11.3640   0.938397
  11.3660   0.937903
  11.3680   0.937569
  11.3700   0.937303
  11.3720   0.936232
  11.3740   0.933668
  11.3760   0.927306
  11.3780   0.903457
  11.3800   0.801988
  11.3820   0.643801
  11.3840   0.696001
  11.3860   0.855470
  11.3880   0.915425
  11.3900   0.928678
  11.3920   0.934324
  11.3940   0.936686
  11.3960   0.937723
  11.3980   0.938264
  11.4000   0.938542
  11.4020   0.938797
  11.4040   0.939027
  11.4060   0.939113
  11.4080   0.939085
  11.4100   0.938983
  11.4120   0.938017
  11.4140   0.932320
  11.4160   0.925419
  11.4180   0.931069
  11.4200   0.937518
  11.4220   0.938734
  11.4240   0.938613
  11.4260   0.938700
  11.4280   0.939046
  11.4300   0.939143
  11.4320   0.939104
  11.4340   0.938991
  11.4360   0.938773
  11.4380   0.938603
  11.4400   0.938634
  11.4420   0.938662
  11.4440   0.938677
  11.4460   0.938617
  11.4480   0.938500
  11.4500   0.938365
  11.4520   0.938184
  11.4540   0.937899
  11.4560   0.937619
  11.4580   0.937331
  11.4600   0.936829
  11.4620   0.936028
  11.4640   0.934608
  11.4660   0.932914
  11.4680   0.931198
  11.4700   0.926648
  11.4720   0.911326
  11.4740   0.840871
  11.4760   0.631938
  11.4780   0.500690
  11.4800   0.693802
  11.4820   0.868748
  11.4840   0.916984
  11.4860   0.928049
  11.4880   0.932070
  11.4900   0.934074
  11.4920   0.935218
  11.4940   0.935921
  11.4960   0.936382
  11.4980   0.936690
  11.5000   0.936890
  11.5020   0.936996
  11.5040   0.937107
  11.5060   0.937235
  11.5080   0.937313
  11.5100   0.937352
  11.5120   0.937366
  11.5140   0.937362
  11.5160   0.937342
  11.5180   0.937319
  11.5200   0.937283
  11.5220   0.937221
  11.5240   0.937164
  11.5260   0.937127
  11.5280   0.937067
  11.5300   0.936984
  11.5320   0.936877
  11.5340   0.936728
  11.5360   0.936417
  11.5380   0.935298
  11.5400   0.933252
  11.5420   0.933302
  11.5440   0.934166
  11.5460   0.933184
  11.5480   0.929287
  11.5500   0.911559
  11.5520   0.829553
  11.5540   0.683697
  11.5560   0.716343
  11.5580   0.838029
  11.5600   0.824554
  11.5620   0.819957
  11.5640   0.890718
  11.5660   0.925276
  11.5680   0.931395
  11.5700   0.933147
  11.5720   0.934161
  11.5740   0.934797
  11.5760   0.935222
  11.5780   0.935525
  11.5800   0.935728
  11.5820   0.935871
  11.5840   0.935974
  11.5860   0.936037
  11.5880   0.936023
  11.5900   0.935865
  11.5920   0.935135
  11.5940   0.934048
  11.5960   0.934506
  11.5980   0.935547
  11.6000   0.935897
  11.6020   0.935959
  11.6040   0.935955
  11.6060   0.935937
  11.6080   0.935911
  11.6100   0.935842
  11.6120   0.935644
  11.6140   0.935335
  11.6160   0.935285
  11.6180   0.935448
  11.6200   0.935570
  11.6220   0.935559
  11.6240   0.935453
  11.6260   0.935097
  11.6280   0.933655
  11.6300   0.927901
  11.6320   0.918166
  11.6340   0.922816
  11.6360   0.932252
  11.6380   0.934069
  11.6400   0.933814
  11.6420   0.933871
  11.6440   0.929413
  11.6460   0.906486
  11.6480   0.891812
  11.6500   0.916954
  11.6520   0.932262
  11.6540   0.934112
  11.6560   0.934172
  11.6580   0.934116
  11.6600   0.933960
  11.6620   0.933879
  11.6640   0.933818
  11.6660   0.933687
  11.6680   0.933523
  11.6700   0.933360
  11.6720   0.933105
  11.6740   0.932675
  11.6760   0.932223
  11.6780   0.931958
  11.6800   0.931513
  11.6820   0.930721
  11.6840   0.929831
  11.6860   0.929019
  11.6880   0.927744
  11.6900   0.925532
  11.6920   0.921615
  11.6940   0.913423
  11.6960   0.889556
  11.6980   0.797250
  11.7000   0.571084
  11.7020   0.461309
  11.7040   0.666876
  11.7060   0.844903
  11.7080   0.898490
  11.7100   0.911612
  11.7120   0.914526
  11.7140   0.906927
  11.7160   0.866774
  11.7180   0.817857
  11.7200   0.837120
  11.7220   0.804964
  11.7240   0.657740
  11.7260   0.588481
  11.7280   0.518853
  11.7300   0.306979
  11.7320   0.296161
  11.7340   0.576110
  11.7360   0.791374
  11.7380   0.870550
  11.7400   0.897613
  11.7420   0.909641
  11.7440   0.915951
  11.7460   0.919226
  11.7480   0.920027
  11.7500   0.918537
  11.7520   0.919726
  11.7540   0.922930
  11.7560   0.923907
  11.7580   0.923051
  11.7600   0.920615
  11.7620   0.915589
  11.7640   0.902316
  11.7660   0.851515
  11.7680   0.675432
  11.7700   0.442411
  11.7720   0.529651
  11.7740   0.776914
  11.7760   0.884291
  11.7780   0.911221
  11.7800   0.919926
  11.7820   0.923878
  11.7840   0.926063
  11.7860   0.927440
  11.7880   0.928307
  11.7900   0.928907
  11.7920   0.929386
  11.7940   0.929626
  11.7960   0.929776
  11.7980   0.929986
  11.8000   0.930138
  11.8020   0.930351
  11.8040   0.930475
  11.8060   0.930506
  11.8080   0.930164
  11.8100   0.928500
  11.8120   0.927522
  11.8140   0.929137
  11.8160   0.930091
  11.8180   0.930277
  11.8200   0.930025
  11.8220   0.928140
  11.8240   0.925782
  11.8260   0.927124
  11.8280   0.929635
  11.8300   0.930440
  11.8320   0.930453
  11.8340   0.930424
  11.8360   0.930368
  11.8380   0.930174
  11.8400   0.930109
  11.8420   0.930124
  11.8440   0.929966
  11.8460   0.929911
  11.8480   0.930034
  11.8500   0.930014
  11.8520   0.929844
  11.8540   0.929697
  11.8560   0.929621
  11.8580   0.929458
  11.8600   0.929022
  11.8620   0.928478
  11.8640   0.928217
  11.8660   0.927850
  11.8680   0.926819
  11.8700   0.924779
  11.8720   0.917806
  11.8740   0.888206
  11.8760   0.793993
  11.8780   0.722306
  11.8800   0.811969
  11.8820   0.896358
  11.8840   0.917353
  11.8860   0.921114
  11.8880   0.920027
  11.8900   0.919404
  11.8920   0.922013
  11.8940   0.922440
  11.8960   0.916198
  11.8980   0.884804
  11.9000   0.831057
  11.9020   0.777086
  11.9040   0.602888
  11.9060   0.453412
  11.9080   0.601498
  11.9100   0.814931
  11.9120   0.896359
  11.9140   0.915814
  11.9160   0.921450
  11.9180   0.924025
  11.9200   0.925441
  11.9220   0.926156
  11.9240   0.926505
  11.9260   0.926489
  11.9280   0.925850
  11.9300   0.921218
  11.9320   0.912959
  11.9340   0.916844
  11.9360   0.924707
  11.9380   0.926814
  11.9400   0.927339
  11.9420   0.927575
  11.9440   0.927553
  11.9460   0.927557
  11.9480   0.927283
  11.9500   0.927094
  11.9520   0.927292
  11.9540   0.927205
  11.9560   0.927101
  11.9580   0.926718
  11.9600   0.925750
  11.9620   0.924147
  11.9640   0.917578
  11.9660   0.891303
  11.9680   0.863250
  11.9700   0.886236
  11.9720   0.915894
  11.9740   0.924167
  11.9760   0.925744
  11.9780   0.926448
  11.9800   0.926630
  11.9820   0.926443
  11.9840   0.926208
  11.9860   0.926224
  11.9880   0.926573
  11.9900   0.926770
  11.9920   0.926668
  11.9940   0.926362
  11.9960   0.926223
  11.9980   0.926319
  12.0000   0.926528
  12.0020   0.926481
  12.0040   0.926042
  12.0060   0.925282
  12.0080   0.924838
  12.0100   0.925546
  12.0120   0.926093
  12.0140   0.925919
  12.0160   0.925568
  12.0180   0.925506
  12.0200   0.925702
  12.0220   0.925900
  12.0240   0.925766
  12.0260   0.925306
  12.0280   0.924685
  12.0300   0.924083
  12.0320   0.924430
  12.0340   0.924644
  12.0360   0.923415
  12.0380   0.922565
  12.0400   0.923391
  12.0420   0.924138
  12.0440   0.924474
  12.0460   0.924258
  12.0480   0.923856
  12.0500   0.923230
  12.0520   0.921670
  12.0540   0.921112
  12.0560   0.922041
  12.0580   0.922149
  12.0600   0.921796
  12.0620   0.920882
  12.0640   0.919471
  12.0660   0.917956
  12.0680   0.915358
  12.0700   0.911445
  12.0720   0.904520
  12.0740   0.893163
  12.0760   0.870171
  12.0780   0.777484
  12.0800   0.535751
  12.0820   0.387257
  12.0840   0.583327
  12.0860   0.792237
  12.0880   0.835356
  12.0900   0.819617
  12.0920   0.855560
  12.0940   0.897515
  12.0960   0.911237
  12.0980   0.913119
  12.1000   0.914182
  12.1020   0.916569
  12.1040   0.917863
  12.1060   0.917779
  12.1080   0.916459
  12.1100   0.913457
  12.1120   0.906069
  12.1140   0.877611
  12.1160   0.757277
  12.1180   0.554690
  12.1200   0.593506
  12.1220   0.795824
  12.1240   0.886848
  12.1260   0.908843
  12.1280   0.915062
  12.1300   0.917342
  12.1320   0.918499
  12.1340   0.919233
  12.1360   0.919857
  12.1380   0.920482
  12.1400   0.920199
  12.1420   0.918108
  12.1440   0.914249
  12.1460   0.914598
  12.1480   0.918817
  12.1500   0.920146
  12.1520   0.918061
  12.1540   0.912711
  12.1560   0.910098
  12.1580   0.915319
  12.1600   0.919594
  12.1620   0.920243
  12.1640   0.919133
  12.1660   0.914982
  12.1680   0.910614
  12.1700   0.914754
  12.1720   0.919224
  12.1740   0.919818
  12.1760   0.920165
  12.1780   0.920398
  12.1800   0.919868
  12.1820   0.919742
  12.1840   0.919620
  12.1860   0.919126
  12.1880   0.916484
  12.1900   0.908863
  12.1920   0.908224
  12.1940   0.915675
  12.1960   0.918696
  12.1980   0.919357
  12.2000   0.919821
  12.2020   0.919976
  12.2040   0.919689
  12.2060   0.919012
  12.2080   0.918435
  12.2100   0.917501
  12.2120   0.911020
  12.2140   0.901956
  12.2160   0.907113
  12.2180   0.915088
  12.2200   0.917368
  12.2220   0.918524
  12.2240   0.918842
  12.2260   0.918484
  12.2280   0.917958
  12.2300   0.917377
  12.2320   0.917143
  12.2340   0.914045
  12.2360   0.901977
  12.2380   0.895335
  12.2400   0.906938
  12.2420   0.914601
  12.2440   0.915899
  12.2460   0.912806
  12.2480   0.907739
  12.2500   0.910801
  12.2520   0.914038
  12.2540   0.913692
  12.2560   0.912876
  12.2580   0.904462
  12.2600   0.882052
  12.2620   0.871375
  12.2640   0.887752
  12.2660   0.902224
  12.2680   0.903322
  12.2700   0.895000
  12.2720   0.868136
  12.2740   0.762876
  12.2760   0.544402
  12.2780   0.503321
  12.2800   0.705496
  12.2820   0.804707
  12.2840   0.728302
  12.2860   0.525336
  12.2880   0.491823
  12.2900   0.717707
  12.2920   0.858053
  12.2940   0.893515
  12.2960   0.903329
  12.2980   0.906339
  12.3000   0.907528
  12.3020   0.908390
  12.3040   0.904723
  12.3060   0.886880
  12.3080   0.871215
  12.3100   0.890039
  12.3120   0.907409
  12.3140   0.910921
  12.3160   0.911661
  12.3180   0.912824
  12.3200   0.913451
  12.3220   0.912984
  12.3240   0.911750
  12.3260   0.909810
  12.3280   0.902242
  12.3300   0.877980
  12.3320   0.865548
  12.3340   0.890063
  12.3360   0.906319
  12.3380   0.909190
  12.3400   0.910145
  12.3420   0.911147
  12.3440   0.910587
  12.3460   0.909173
  12.3480   0.907789
  12.3500   0.904315
  12.3520   0.892947
  12.3540   0.861942
  12.3560   0.852529
  12.3580   0.880723
  12.3600   0.892950
  12.3620   0.887752
  12.3640   0.874739
  12.3660   0.838101
  12.3680   0.726270
  12.3700   0.479407
  12.3720   0.291165
  12.3740   0.380230
  12.3760   0.556424
  12.3780   0.716147
  12.3800   0.808385
  12.3820   0.866956
  12.3840   0.889923
  12.3860   0.895565
  12.3880   0.899747
  12.3900   0.901328
  12.3920   0.901174
  12.3940   0.893508
  12.3960   0.879905
  12.3980   0.884383
  12.4000   0.880054
  12.4020   0.843454
  12.4040   0.827188
  12.4060   0.814828
  12.4080   0.828260
  12.4100   0.880255
  12.4120   0.899577
  12.4140   0.902299
  12.4160   0.904316
  12.4180   0.905121
  12.4200   0.902710
  12.4220   0.896334
  12.4240   0.877918
  12.4260   0.838697
  12.4280   0.840183
  12.4300   0.878063
  12.4320   0.891210
  12.4340   0.887984
  12.4360   0.877994
  12.4380   0.856350
  12.4400   0.792338
  12.4420   0.600816
  12.4440   0.336246
  12.4460   0.360149
  12.4480   0.599766
  12.4500   0.654956
  12.4520   0.508337
  12.4540   0.481272
  12.4560   0.696940
  12.4580   0.841178
  12.4600   0.878032
  12.4620   0.888215
  12.4640   0.893538
  12.4660   0.894505
  12.4680   0.894321
  12.4700   0.893622
  12.4720   0.878737
  12.4740   0.840041
  12.4760   0.831082
  12.4780   0.868446
  12.4800   0.890485
  12.4820   0.894885
  12.4840   0.891908
  12.4860   0.891716
  12.4880   0.893409
  12.4900   0.891818
  12.4920   0.890937
  12.4940   0.887700
  12.4960   0.872705
  12.4980   0.835445
  12.5000   0.815411
  12.5020   0.844513
  12.5040   0.863679
  12.5060   0.860243
  12.5080   0.844916
  12.5100   0.811005
  12.5120   0.701466
  12.5140   0.510645
  12.5160   0.436215
  12.5180   0.325224
  12.5200   0.121468
  12.5220    3.69654E-02
  12.5240    1.02995E-01
  12.5260   0.321288
  12.5280   0.558791
  12.5300   0.699633
  12.5320   0.757617
  12.5340   0.748060
  12.5360   0.620603
  12.5380   0.466928
  12.5400   0.575876
  12.5420   0.759020
  12.5440   0.821800
  12.5460   0.816864
  12.5480   0.792302
  12.5500   0.796243
  12.5520   0.806375
  12.5540   0.797745
  12.5560   0.760869
  12.5580   0.671913
  12.5600   0.491295
  12.5620   0.236818
  12.5640    7.50680E-02
  12.5660   0.133256
  12.5680   0.366943
  12.5700   0.589497
  12.5720   0.698449
  12.5740   0.759370
  12.5760   0.813322
  12.5780   0.840438
  12.5800   0.852573
  12.5820   0.860120
  12.5840   0.860188
  12.5860   0.856883
  12.5880   0.850818
  12.5900   0.822925
  12.5920   0.726635
  12.5940   0.489236
  12.5960   0.317541
  12.5980   0.492966
  12.6000   0.725199
  12.6020   0.815728
  12.6040   0.835059
  12.6060   0.835897
  12.6080   0.847077
  12.6100   0.853113
  12.6120   0.850110
  12.6140   0.840492
  12.6160   0.827571
  12.6180   0.806480
  12.6200   0.768814
  12.6220   0.703907
  12.6240   0.608745
  12.6260   0.528995
  12.6280   0.498384
  12.6300   0.444488
  12.6320   0.379778
  12.6340   0.423585
  12.6360   0.629950
  12.6380   0.802419
  12.6400   0.862164
  12.6420   0.878493
  12.6440   0.883334
  12.6460   0.880905
  12.6480   0.880116
  12.6500   0.883486
  12.6520   0.888152
  12.6540   0.890427
  12.6560   0.888791
  12.6580   0.880843
  12.6600   0.872475
  12.6620   0.875365
  12.6640   0.884795
  12.6660   0.892072
  12.6680   0.891912
  12.6700   0.888482
  12.6720   0.884064
  12.6740   0.883756
  12.6760   0.889180
  12.6780   0.891843
  12.6800   0.889506
  12.6820   0.884220
  12.6840   0.873414
  12.6860   0.869101
  12.6880   0.881262
  12.6900   0.888547
  12.6920   0.881941
  12.6940   0.866741
  12.6960   0.863425
  12.6980   0.875344
  12.7000   0.882113
  12.7020   0.884538
  12.7040   0.882665
  12.7060   0.882464
  12.7080   0.871652
  12.7100   0.851042
  12.7120   0.857132
  12.7140   0.873959
  12.7160   0.877397
  12.7180   0.879521
  12.7200   0.878585
  12.7220   0.872015
  12.7240   0.864184
  12.7260   0.860717
  12.7280   0.856988
  12.7300   0.852820
  12.7320   0.840323
  12.7340   0.805954
  12.7360   0.768032
  12.7380   0.751251
  12.7400   0.703754
  12.7420   0.580095
  12.7440   0.359930
  12.7460   0.132397
  12.7480    6.26263E-02
  12.7500   0.197604
  12.7520   0.441433
  12.7540   0.635104
  12.7560   0.737737
  12.7580   0.776859
  12.7600   0.776103
  12.7620   0.787831
  12.7640   0.825092
  12.7660   0.849893
  12.7680   0.860120
  12.7700   0.860913
  12.7720   0.857069
  12.7740   0.856323
  12.7760   0.860238
  12.7780   0.869745
  12.7800   0.876141
  12.7820   0.872400
  12.7840   0.852978
  12.7860   0.821974
  12.7880   0.824021
  12.7900   0.856065
  12.7920   0.874423
  12.7940   0.874658
  12.7960   0.874093
  12.7980   0.876481
  12.8000   0.867069
  12.8020   0.860743
  12.8040   0.871264
  12.8060   0.874871
  12.8080   0.870277
  12.8100   0.851392
  12.8120   0.823151
  12.8140   0.834200
  12.8160   0.859312
  12.8180   0.863722
  12.8200   0.862794
  12.8220   0.865279
  12.8240   0.855326
  12.8260   0.822971
  12.8280   0.732452
  12.8300   0.510395
  12.8320   0.342406
  12.8340   0.510133
  12.8360   0.711009
  12.8380   0.768765
  12.8400   0.804823
  12.8420   0.833919
  12.8440   0.844449
  12.8460   0.852649
  12.8480   0.856735
  12.8500   0.856471
  12.8520   0.847606
  12.8540   0.844040
  12.8560   0.845520
  12.8580   0.842578
  12.8600   0.824880
  12.8620   0.773678
  12.8640   0.689709
  12.8660   0.559160
  12.8680   0.319194
  12.8700   0.144651
  12.8720   0.266692
  12.8740   0.536469
  12.8760   0.708186
  12.8780   0.772305
  12.8800   0.798501
  12.8820   0.819590
  12.8840   0.828001
  12.8860   0.810498
  12.8880   0.748389
  12.8900   0.615295
  12.8920   0.386244
  12.8940   0.229456
  12.8960   0.393121
  12.8980   0.651392
  12.9000   0.778086
  12.9020   0.819931
  12.9040   0.826395
  12.9060   0.831549
  12.9080   0.852505
  12.9100   0.857481
  12.9120   0.843957
  12.9140   0.819483
  12.9160   0.801554
  12.9180   0.805234
  12.9200   0.830358
  12.9220   0.857792
  12.9240   0.863531
  12.9260   0.863779
  12.9280   0.864448
  12.9300   0.857028
  12.9320   0.848736
  12.9340   0.849553
  12.9360   0.844385
  12.9380   0.851875
  12.9400   0.843111
  12.9420   0.818294
  12.9440   0.812293
  12.9460   0.832689
  12.9480   0.853619
  12.9500   0.861927
  12.9520   0.862029
  12.9540   0.859830
  12.9560   0.842453
  12.9580   0.819259
  12.9600   0.824375
  12.9620   0.840123
  12.9640   0.830689
  12.9660   0.809754
  12.9680   0.788847
  12.9700   0.782152
  12.9720   0.813072
  12.9740   0.837125
  12.9760   0.837322
  12.9780   0.831711
  12.9800   0.800800
  12.9820   0.706559
  12.9840   0.510248
  12.9860   0.400209
  12.9880   0.590071
  12.9900   0.766057
  12.9920   0.800938
  12.9940   0.767305
  12.9960   0.740410
  12.9980   0.750811
  13.0000   0.712587
  13.0020   0.532647
  13.0040   0.289668
  13.0060   0.313504
  13.0080   0.567712
  13.0100   0.728785
  13.0120   0.799599
  13.0140   0.832961
  13.0160   0.837779
  13.0180   0.827144
  13.0200   0.783915
  13.0220   0.757411
  13.0240   0.780799
  13.0260   0.781036
  13.0280   0.765014
  13.0300   0.782815
  13.0320   0.759046
  13.0340   0.742982
  13.0360   0.794958
  13.0380   0.831035
  13.0400   0.847391
  13.0420   0.847977
  13.0440   0.833703
  13.0460   0.778118
  13.0480   0.735929
  13.0500   0.718091
  13.0520   0.708575
  13.0540   0.778268
  13.0560   0.841671
  13.0580   0.859787
  13.0600   0.857258
  13.0620   0.840275
  13.0640   0.825927
  13.0660   0.830319
  13.0680   0.837552
  13.0700   0.817695
  13.0720   0.742124
  13.0740   0.655191
  13.0760   0.622359
  13.0780   0.699436
  13.0800   0.796349
  13.0820   0.832471
  13.0840   0.842923
  13.0860   0.842671
  13.0880   0.827482
  13.0900   0.812905
  13.0920   0.824723
  13.0940   0.835460
  13.0960   0.810464
  13.0980   0.701031
  13.1000   0.566333
  13.1020   0.582242
  13.1040   0.718638
  13.1060   0.818540
  13.1080   0.846384
  13.1100   0.849757
  13.1120   0.844506
  13.1140   0.831999
  13.1160   0.816791
  13.1180   0.827883
  13.1200   0.831085
  13.1220   0.772313
  13.1240   0.619844
  13.1260   0.499655
  13.1280   0.551420
  13.1300   0.700336
  13.1320   0.791852
  13.1340   0.821026
  13.1360   0.829759
  13.1380   0.834789
  13.1400   0.829145
  13.1420   0.794919
  13.1440   0.744245
  13.1460   0.702761
  13.1480   0.624289
  13.1500   0.480122
  13.1520   0.400201
  13.1540   0.498948
  13.1560   0.686862
  13.1580   0.783836
  13.1600   0.814312
  13.1620   0.824196
  13.1640   0.831584
  13.1660   0.831401
  13.1680   0.815099
  13.1700   0.784631
  13.1720   0.724287
  13.1740   0.637139
  13.1760   0.570887
  13.1780   0.449387
  13.1800   0.479440
  13.1820   0.666834
  13.1840   0.756729
  13.1860   0.787062
  13.1880   0.811583
  13.1900   0.819716
  13.1920   0.823238
  13.1940   0.802403
  13.1960   0.744958
  13.1980   0.642506
  13.2000   0.552975
  13.2020   0.488279
  13.2040   0.332978
  13.2060   0.350973
  13.2080   0.550530
  13.2100   0.671831
  13.2120   0.735075
  13.2140   0.762995
  13.2160   0.775001
  13.2180   0.785856
  13.2200   0.775771
  13.2220   0.712548
  13.2240   0.582734
  13.2260   0.434098
  13.2280   0.303080
  13.2300   0.216933
  13.2320   0.280056
  13.2340   0.500559
  13.2360   0.652571
  13.2380   0.717468
  13.2400   0.732033
  13.2420   0.711359
  13.2440   0.673866
  13.2460   0.573840
  13.2480   0.364809
  13.2500   0.137652
  13.2520    7.11989E-02
  13.2540   0.129518
  13.2560   0.136870
  13.2580   0.176755
  13.2600   0.292075
  13.2620   0.288560
  13.2640   0.191922
  13.2660   0.308780
  13.2680   0.552125
  13.2700   0.687943
  13.2720   0.725879
  13.2740   0.692671
  13.2760   0.581748
  13.2780   0.511925
  13.2800   0.445042
  13.2820   0.251410
  13.2840   0.195037
  13.2860   0.344373
  13.2880   0.504931
  13.2900   0.551194
  13.2920   0.415625
  13.2940   0.413790
  13.2960   0.617838
  13.2980   0.720789
  13.3000   0.706520
  13.3020   0.607632
  13.3040   0.512618
  13.3060   0.426290
  13.3080   0.229844
  13.3100   0.141211
  13.3120   0.273353
  13.3140   0.434105
  13.3160   0.566185
  13.3180   0.649535
  13.3200   0.675991
  13.3220   0.690344
  13.3240   0.704522
  13.3260   0.687252
  13.3280   0.612088
  13.3300   0.494378
  13.3320   0.395146
  13.3340   0.228515
  13.3360   0.107607
  13.3380   0.211304
  13.3400   0.391023
  13.3420   0.487748
  13.3440   0.579745
  13.3460   0.665995
  13.3480   0.700032
  13.3500   0.694393
  13.3520   0.664446
  13.3540   0.590381
  13.3560   0.442378
  13.3580   0.263579
  13.3600   0.114237
  13.3620    3.13473E-02
  13.3640    5.45403E-02
  13.3660   0.190037
  13.3680   0.343392
  13.3700   0.446059
  13.3720   0.554213
  13.3740   0.641250
  13.3760   0.678930
  13.3780   0.683226
  13.3800   0.659285
  13.3820   0.579153
  13.3840   0.426210
  13.3860   0.258841
  13.3880   0.109261
  13.3900    5.87021E-02
  13.3920   0.179634
  13.3940   0.382724
  13.3960   0.497063
  13.3980   0.543843
  13.4000   0.608567
  13.4020   0.658656
  13.4040   0.674371
  13.4060   0.654131
  13.4080   0.593274
  13.4100   0.469407
  13.4120   0.307376
  13.4140   0.152988
  13.4160    4.70688E-02
  13.4180    6.14827E-02
  13.4200   0.181476
  13.4220   0.258533
  13.4240   0.175063
  13.4260    8.59710E-02
  13.4280   0.177685
  13.4300   0.367987
  13.4320   0.482543
  13.4340   0.434739
  13.4360   0.254749
  13.4380   0.159079
  13.4400   0.145121
  13.4420    6.81575E-02
  13.4440    2.48607E-02
  13.4460    8.48350E-02
  13.4480   0.238378
  13.4500   0.382183
  13.4520   0.460626
  13.4540   0.524845
  13.4560   0.557022
  13.4580   0.532489
  13.4600   0.490930
  13.4620   0.435744
  13.4640   0.338776
  13.4660   0.216034
  13.4680    8.35858E-02
  13.4700    1.53731E-02
  13.4720    1.45845E-02
  13.4740    7.18368E-02
  13.4760   0.176975
  13.4780   0.236713
  13.4800   0.170553
  13.4820    5.80582E-02
  13.4840    8.20569E-03
  13.4860    2.92452E-03
  13.4880    9.46963E-03
  13.4900    2.34136E-02
  13.4920    3.94839E-02
  13.4940    3.83576E-02
  13.4960    1.87119E-02
  13.4980    4.10934E-03
  13.5000    4.74681E-04
  13.5020    2.50782E-03
  13.5040    2.41332E-02
  13.5060    9.43682E-02
  13.5080   0.186075
  13.5100   0.247002
  13.5120   0.312642
  13.5140   0.362583
  13.5160   0.336818
  13.5180   0.289403
  13.5200   0.250547
  13.5220   0.153441
  13.5240    5.20735E-02
  13.5260    9.75423E-03
  13.5280    2.23606E-02
  13.5300    1.01294E-01
  13.5320   0.237005
  13.5340   0.357856
  13.5360   0.405480
  13.5380   0.377769
  13.5400   0.362213
  13.5420   0.378526
  13.5440   0.344428
  13.5460   0.312875
  13.5480   0.258519
  13.5500   0.143862
  13.5520    4.33822E-02
  13.5540    7.44202E-03
  13.5560    1.95787E-02
  13.5580    9.20059E-02
  13.5600   0.220215
  13.5620   0.336551
  13.5640   0.402917
  13.5660   0.395459
  13.5680   0.322594
  13.5700   0.281753
  13.5720   0.285194
  13.5740   0.289249
  13.5760   0.233013
  13.5780   0.124390
  13.5800    3.64371E-02
  13.5820    5.88563E-03
  13.5840    1.44559E-02
  13.5860    7.31755E-02
  13.5880   0.187048
  13.5900   0.301515
  13.5920   0.387194
  13.5940   0.428480
  13.5960   0.383596
  13.5980   0.281999
  13.6000   0.275502
  13.6020   0.305446
  13.6040   0.240748
  13.6060   0.127181
  13.6080    3.89875E-02
  13.6100    6.03399E-03
  13.6120    9.19203E-03
  13.6140    5.49012E-02
  13.6160   0.158523
  13.6180   0.272564
  13.6200   0.361944
  13.6220   0.419057
  13.6240   0.406183
  13.6260   0.310302
  13.6280   0.247703
  13.6300   0.273793
  13.6320   0.243346
  13.6340   0.141816
  13.6360    4.93249E-02
  13.6380    8.45291E-03
  13.6400    5.30598E-03
  13.6420    3.59591E-02
  13.6440   0.121493
  13.6460   0.232353
  13.6480   0.326060
  13.6500   0.389330
  13.6520   0.390334
  13.6540   0.335352
  13.6560   0.278181
  13.6580   0.237435
  13.6600   0.217001
  13.6620   0.159690
  13.6640    6.73336E-02
  13.6660    1.40613E-02
  13.6680    2.62646E-03
  13.6700    1.50943E-02
  13.6720    6.57608E-02
  13.6740   0.140220
  13.6760   0.167841
  13.6780   0.112309
  13.6800    3.85596E-02
  13.6820    2.04388E-02
  13.6840    6.68750E-02
  13.6860   0.114442
  13.6880    1.03865E-01
  13.6900    9.46272E-02
  13.6920    6.79443E-02
  13.6940    2.20201E-02
  13.6960    3.16356E-03
  13.6980    5.61874E-03
  13.7000    3.69396E-02
  13.7020   0.112457
  13.7040   0.187681
  13.7060   0.210112
  13.7080   0.142594
  13.7100    4.86111E-02
  13.7120    1.33655E-02
  13.7140    2.97445E-02
  13.7160    9.13314E-02
  13.7180   0.123447
  13.7200    8.76460E-02
  13.7220    3.94702E-02
  13.7240    9.26421E-03
  13.7260    3.18370E-03
  13.7280    1.90454E-02
  13.7300    8.10608E-02
  13.7320   0.195699
  13.7340   0.289472
  13.7360   0.339380
  13.7380   0.364934
  13.7400   0.353034
  13.7420   0.371333
  13.7440   0.386515
  13.7460   0.339536
  13.7480   0.239669
  13.7500   0.112681
  13.7520    3.10638E-02
  13.7540    5.47421E-03
  13.7560    1.04272E-02
  13.7580    4.95997E-02
  13.7600   0.136708
  13.7620   0.262663
  13.7640   0.350011
  13.7660   0.346158
  13.7680   0.322334
  13.7700   0.359366
  13.7720   0.415483
  13.7740   0.412650
  13.7760   0.353013
  13.7780   0.257219
  13.7800   0.132289
  13.7820    3.76798E-02
  13.7840    8.53343E-03
  13.7860    3.12854E-02
  13.7880    1.00106E-01
  13.7900   0.182671
  13.7920   0.283150
  13.7940   0.371580
  13.7960   0.372167
  13.7980   0.309050
  13.8000   0.333975
  13.8020   0.409175
  13.8040   0.405293
  13.8060   0.344777
  13.8080   0.251599
  13.8100   0.134446
  13.8120    4.22797E-02
  13.8140    1.76988E-02
  13.8160    6.19300E-02
  13.8180   0.138202
  13.8200   0.189272
  13.8220   0.242295
  13.8240   0.288004
  13.8260   0.297539
  13.8280   0.267692
  13.8300   0.205511
  13.8320   0.223762
  13.8340   0.273825
  13.8360   0.272048
  13.8380   0.213050
  13.8400   0.120394
  13.8420    5.06826E-02
  13.8440    3.29899E-02
  13.8460    7.64490E-02
  13.8480   0.122595
  13.8500   0.120433
  13.8520    9.66402E-02
  13.8540    7.80595E-02
  13.8560    5.82110E-02
  13.8580    2.88472E-02
  13.8600    7.55210E-03
  13.8620    1.17530E-03
  13.8640    2.71281E-04
  13.8660    1.12713E-04
  13.8680    2.25278E-05
  13.8700    1.56477E-06
  13.8720    3.22463E-08
  13.8740  0.
  13.8760  0.
  13.8780  0.
  13.8800  0.
  13.8820  0.
  13.8840  0.
  13.8860  0.
  13.8880  0.
  13.8900  0.
  13.8920  0.
  13.8940  0.
  13.8960  0.
  13.8980  0.
  13.9000    1.74274E-09
  13.9020    2.39516E-07
  13.9040    5.87085E-06
  13.9060    4.11605E-05
  13.9080    1.30162E-04
  13.9100    3.25888E-04
  13.9120    5.91127E-04
  13.9140    7.95108E-04
  13.9160    4.40980E-04
  13.9180    2.70405E-04
  13.9200    1.46423E-03
  13.9220    3.76450E-03
  13.9240    5.56638E-03
  13.9260    1.45097E-02
  13.9280    4.69070E-02
  13.9300    7.73443E-02
  13.9320   0.106041
  13.9340   0.134390
  13.9360   0.154861
  13.9380   0.163657
  13.9400   0.162176
  13.9420   0.131943
  13.9440    7.43772E-02
  13.9460    2.84076E-02
  13.9480    5.96941E-03
  13.9500    4.00029E-03
  13.9520    2.00751E-02
  13.9540    4.54303E-02
  13.9560    4.12096E-02
  13.9580    2.50467E-02
  13.9600    5.12466E-02
  13.9620   0.108831
  13.9640   0.166039
  13.9660   0.201729
  13.9680   0.233806
  13.9700   0.232504
  13.9720   0.186258
  13.9740   0.118524
  13.9760    4.83107E-02
  13.9780    1.01890E-02
  13.9800    2.24110E-03
  13.9820    1.08930E-02
  13.9840    3.67498E-02
  13.9860    5.54264E-02
  13.9880    3.66951E-02
  13.9900    1.17061E-02
  13.9920    1.82734E-02
  13.9940    6.10891E-02
  13.9960   0.119199
  13.9980   0.174922
  14.0000   0.192611
  14.0020   0.159619
  14.0040    9.47939E-02
  14.0060    3.79434E-02
  14.0080    8.62328E-03
  14.0100    8.63645E-04
  14.0120    5.07475E-05
  14.0140    2.38844E-04
  14.0160    2.21980E-03
  14.0180    6.98997E-03
  14.0200    6.97375E-03
  14.0220    2.93123E-03
  14.0240    6.68918E-03
  14.0260    2.36129E-02
  14.0280    6.35866E-02
  14.0300   0.126647
  14.0320   0.158534
  14.0340   0.132554
  14.0360    7.85421E-02
  14.0380    2.86764E-02
  14.0400    5.19117E-03
  14.0420    7.44886E-04
  14.0440    3.97761E-03
  14.0460    1.96546E-02
  14.0480    4.24763E-02
  14.0500    4.23020E-02
  14.0520    1.92938E-02
  14.0540    3.80057E-03
  14.0560    2.55272E-03
  14.0580    1.16713E-02
  14.0600    2.49677E-02
  14.0620    3.07506E-02
  14.0640    4.60965E-02
  14.0660    5.64836E-02
  14.0680    3.64559E-02
  14.0700    1.18233E-02
  14.0720    1.79177E-03
  14.0740    9.28031E-04
  14.0760    4.39212E-03
  14.0780    1.30880E-02
  14.0800    2.55827E-02
  14.0820    2.45131E-02
  14.0840    1.03440E-02
  14.0860    1.84221E-03
  14.0880    6.17767E-04
  14.0900    5.15454E-03
  14.0920    2.12005E-02
  14.0940    3.84670E-02
  14.0960    3.23629E-02
  14.0980    1.76608E-02
  14.1000    1.17028E-02
  14.1020    4.50720E-03
  14.1040    7.41290E-04
  14.1060    1.24709E-03
  14.1080    4.15204E-03
  14.1100    6.56437E-03
  14.1120    9.52636E-03
  14.1140    9.98409E-03
  14.1160    4.65860E-03
  14.1180    8.43280E-04
  14.1200    8.91738E-05
  14.1220    5.64316E-04
  14.1240    3.47499E-03
  14.1260    9.46851E-03
  14.1280    1.25568E-02
  14.1300    7.90595E-03
  14.1320    2.20432E-03
  14.1340    2.46006E-04
  14.1360    1.71726E-05
  14.1380    1.26920E-04
  14.1400    6.94366E-04
  14.1420    1.40700E-03
  14.1440    1.92428E-03
  14.1460    2.22092E-03
  14.1480    1.13152E-03
  14.1500    2.08838E-04
  14.1520    1.46976E-05
  14.1540    4.37845E-05
  14.1560    5.47995E-04
  14.1580    2.89826E-03
  14.1600    6.99121E-03
  14.1620    8.09245E-03
  14.1640    4.51564E-03
  14.1660    1.11652E-03
  14.1680    1.14566E-04
  14.1700    5.06255E-05
  14.1720    8.80596E-05
  14.1740    4.94234E-05
  14.1760    8.25089E-06
  14.1780    4.01164E-07
  14.1800    4.84043E-09
  14.1820  0.
  14.1840    9.23345E-09
  14.1860    9.88622E-07
  14.1880    2.78735E-05
  14.1900    2.92970E-04
  14.1920    1.27776E-03
  14.1940    2.43509E-03
  14.1960    2.02888E-03
  14.1980    6.94094E-04
  14.2000    9.73652E-05
  14.2020    1.40960E-04
  14.2040    6.36720E-04
  14.2060    1.02748E-03
  14.2080    5.99265E-04
  14.2100    1.21538E-04
  14.2120    7.96479E-06
  14.2140    1.49662E-07
  14.2160  0.
  14.2180    1.15873E-09
  14.2200    1.85485E-07
  14.2220    5.73368E-06
  14.2240    5.77346E-05
  14.2260    2.09402E-04
  14.2280    2.91764E-04
  14.2300    1.54969E-04
  14.2320    3.02232E-05
  14.2340    7.55039E-06
  14.2360    1.23529E-05
  14.2380    2.92727E-05
  14.2400    4.60605E-05
  14.2420    2.25545E-05
  14.2440    3.12128E-06
  14.2460    1.19347E-07
  14.2480    8.20152E-10
  14.2500  0.
  14.2520    1.72712E-10
  14.2540    5.14583E-08
  14.2560    1.66781E-06
  14.2580    1.56828E-05
  14.2600    4.51245E-05
  14.2620    4.06628E-05
  14.2640    1.38797E-05
  14.2660    2.99036E-05
  14.2680    9.50842E-05
  14.2700    9.65270E-05
  14.2720    3.03552E-05
  14.2740    2.87905E-06
  14.2760    7.84318E-08
  14.2780    1.14888E-10
  14.2800  0.
  14.2820  0.
  14.2840  0.
  14.2860  0.
  14.2880  0.
  14.2900  0.
  14.2920  0.
  14.2940    2.14161E-09
  14.2960    1.83059E-07
  14.2980    3.76900E-06
  14.3000    2.25347E-05
  14.3020    4.09637E-05
  14.3040    2.32508E-05
  14.3060    4.08744E-06
  14.3080    2.13117E-07
  14.3100    2.82304E-09
  14.3120  0.
  14.3140  0.
  14.3160  0.
  14.3180  0.
  14.3200  0.
  14.3220  0.
  14.3240  0.
  14.3260  0.
  14.3280  0.
  14.3300  0.
  14.3320  0.
  14.3340  0.
  14.3360  0.
  14.3380  0.
  14.3400  0.
  14.3420  0.
  14.3440  0.
  14.3460  0.
  14.3480  0.
  14.3500  0.
  14.3520  0.
  14.3540  0.
  14.3560  0.
  14.3580  0.
  14.3600  0.
  14.3620  0.
  14.3640  0.
  14.3660  0.
  14.3680  0.
  14.3700  0.
  14.3720  0.
  14.3740  0.
  14.3760  0.
  14.3780  0.
  14.3800  0.
  14.3820  0.
  14.3840  0.
  14.3860  0.
  14.3880  0.
  14.3900  0.
  14.3920  0.
  14.3940  0.
  14.3960  0.
  14.3980  0.
  14.4000  0.
  14.4020  0.
  14.4040  0.
  14.4060  0.
  14.4080  0.
  14.4100  0.
  14.4120  0.
  14.4140  0.
  14.4160  0.
  14.4180  0.
  14.4200  0.
  14.4220  0.
  14.4240  0.
  14.4260  0.
  14.4280  0.
  14.4300  0.
  14.4320  0.
  14.4340  0.
  14.4360  0.
  14.4380  0.
  14.4400  0.
  14.4420  0.
  14.4440  0.
  14.4460  0.
  14.4480  0.
  14.4500  0.
  14.4520  0.
  14.4540  0.
  14.4560  0.
  14.4580  0.
  14.4600  0.
  14.4620  0.
  14.4640  0.
  14.4660  0.
  14.4680  0.
  14.4700  0.
  14.4720  0.
  14.4740  0.
  14.4760  0.
  14.4780  0.
  14.4800  0.
  14.4820  0.
  14.4840  0.
  14.4860  0.
  14.4880  0.
  14.4900  0.
  14.4920  0.
  14.4940  0.
  14.4960  0.
  14.4980  0.
  14.5000  0.
  14.5020  0.
  14.5040  0.
  14.5060  0.
  14.5080  0.
  14.5100  0.
  14.5120  0.
  14.5140  0.
  14.5160  0.
  14.5180  0.
  14.5200  0.
  14.5220  0.
  14.5240  0.
  14.5260  0.
  14.5280  0.
  14.5300  0.
  14.5320  0.
  14.5340  0.
  14.5360  0.
  14.5380  0.
  14.5400  0.
  14.5420  0.
  14.5440  0.
  14.5460  0.
  14.5480  0.
  14.5500  0.
  14.5520  0.
  14.5540  0.
  14.5560  0.
  14.5580  0.
  14.5600  0.
  14.5620  0.
  14.5640  0.
  14.5660  0.
  14.5680  0.
  14.5700  0.
  14.5720  0.
  14.5740  0.
  14.5760  0.
  14.5780  0.
  14.5800  0.
  14.5820  0.
  14.5840  0.
  14.5860  0.
  14.5880  0.
  14.5900  0.
  14.5920  0.
  14.5940  0.
  14.5960  0.
  14.5980  0.
  14.6000  0.
  14.6020  0.
  14.6040  0.
  14.6060  0.
  14.6080  0.
  14.6100  0.
  14.6120  0.
  14.6140  0.
  14.6160  0.
  14.6180  0.
  14.6200  0.
  14.6220  0.
  14.6240  0.
  14.6260  0.
  14.6280  0.
  14.6300  0.
  14.6320  0.
  14.6340  0.
  14.6360  0.
  14.6380  0.
  14.6400  0.
  14.6420  0.
  14.6440  0.
  14.6460  0.
  14.6480  0.
  14.6500  0.
  14.6520  0.
  14.6540  0.
  14.6560  0.
  14.6580  0.
  14.6600  0.
  14.6620  0.
  14.6640  0.
  14.6660  0.
  14.6680  0.
  14.6700  0.
  14.6720  0.
  14.6740  0.
  14.6760  0.
  14.6780  0.
  14.6800  0.
  14.6820  0.
  14.6840  0.
  14.6860  0.
  14.6880  0.
  14.6900  0.
  14.6920  0.
  14.6940  0.
  14.6960  0.
  14.6980  0.
  14.7000  0.
  14.7020  0.
  14.7040  0.
  14.7060  0.
  14.7080  0.
  14.7100  0.
  14.7120  0.
  14.7140  0.
  14.7160  0.
  14.7180  0.
  14.7200  0.
  14.7220  0.
  14.7240  0.
  14.7260  0.
  14.7280  0.
  14.7300  0.
  14.7320  0.
  14.7340  0.
  14.7360  0.
  14.7380  0.
  14.7400  0.
  14.7420  0.
  14.7440  0.
  14.7460  0.
  14.7480  0.
  14.7500  0.
  14.7520  0.
  14.7540  0.
  14.7560  0.
  14.7580  0.
  14.7600  0.
  14.7620  0.
  14.7640  0.
  14.7660  0.
  14.7680  0.
  14.7700  0.
  14.7720  0.
  14.7740  0.
  14.7760  0.
  14.7780  0.
  14.7800  0.
  14.7820  0.
  14.7840  0.
  14.7860  0.
  14.7880  0.
  14.7900  0.
  14.7920  0.
  14.7940  0.
  14.7960  0.
  14.7980  0.
  14.8000  0.
  14.8020  0.
  14.8040  0.
  14.8060  0.
  14.8080  0.
  14.8100  0.
  14.8120  0.
  14.8140  0.
  14.8160  0.
  14.8180  0.
  14.8200  0.
  14.8220  0.
  14.8240  0.
  14.8260  0.
  14.8280  0.
  14.8300  0.
  14.8320  0.
  14.8340  0.
  14.8360  0.
  14.8380  0.
  14.8400  0.
  14.8420  0.
  14.8440  0.
  14.8460  0.
  14.8480  0.
  14.8500  0.
  14.8520  0.
  14.8540  0.
  14.8560  0.
  14.8580  0.
  14.8600  0.
  14.8620  0.
  14.8640  0.
  14.8660  0.
  14.8680  0.
  14.8700  0.
  14.8720  0.
  14.8740  0.
  14.8760  0.
  14.8780  0.
  14.8800  0.
  14.8820  0.
  14.8840  0.
  14.8860  0.
  14.8880  0.
  14.8900  0.
  14.8920  0.
  14.8940  0.
  14.8960  0.
  14.8980  0.
  14.9000  0.
  14.9020  0.
  14.9040  0.
  14.9060  0.
  14.9080  0.
  14.9100  0.
  14.9120  0.
  14.9140  0.
  14.9160  0.
  14.9180  0.
  14.9200  0.
  14.9220  0.
  14.9240  0.
  14.9260  0.
  14.9280  0.
  14.9300  0.
  14.9320  0.
  14.9340  0.
  14.9360  0.
  14.9380  0.
  14.9400  0.
  14.9420  0.
  14.9440  0.
  14.9460  0.
  14.9480  0.
  14.9500  0.
  14.9520  0.
  14.9540  0.
  14.9560  0.
  14.9580  0.
  14.9600  0.
  14.9620  0.
  14.9640  0.
  14.9660  0.
  14.9680  0.
  14.9700  0.
  14.9720  0.
  14.9740  0.
  14.9760  0.
  14.9780  0.
  14.9800  0.
  14.9820  0.
  14.9840  0.
  14.9860  0.
  14.9880  0.
  14.9900  0.
  14.9920  0.
  14.9940  0.
  14.9960  0.
  14.9980  0.
  15.0000  0.
  15.0020  0.
  15.0040  0.
  15.0060  0.
  15.0080  0.
  15.0100  0.
  15.0120  0.
  15.0140  0.
  15.0160  0.
  15.0180  0.
  15.0200  0.
  15.0220  0.
  15.0240  0.
  15.0260  0.
  15.0280  0.
  15.0300  0.
  15.0320  0.
  15.0340  0.
  15.0360  0.
  15.0380  0.
  15.0400  0.
  15.0420  0.
  15.0440  0.
  15.0460  0.
  15.0480  0.
  15.0500  0.
  15.0520  0.
  15.0540  0.
  15.0560  0.
  15.0580  0.
  15.0600  0.
  15.0620  0.
  15.0640  0.
  15.0660  0.
  15.0680  0.
  15.0700  0.
  15.0720  0.
  15.0740  0.
  15.0760  0.
  15.0780  0.
  15.0800  0.
  15.0820  0.
  15.0840  0.
  15.0860  0.
  15.0880  0.
  15.0900  0.
  15.0920  0.
  15.0940  0.
  15.0960  0.
  15.0980  0.
  15.1000  0.
  15.1020  0.
  15.1040  0.
  15.1060  0.
  15.1080  0.
  15.1100  0.
  15.1120  0.
  15.1140  0.
  15.1160  0.
  15.1180  0.
  15.1200  0.
  15.1220  0.
  15.1240  0.
  15.1260  0.
  15.1280  0.
  15.1300  0.
  15.1320  0.
  15.1340  0.
  15.1360  0.
  15.1380  0.
  15.1400  0.
  15.1420  0.
  15.1440  0.
  15.1460  0.
  15.1480  0.
  15.1500  0.
  15.1520  0.
  15.1540  0.
  15.1560  0.
  15.1580  0.
  15.1600  0.
  15.1620  0.
  15.1640  0.
  15.1660  0.
  15.1680  0.
  15.1700  0.
  15.1720  0.
  15.1740  0.
  15.1760  0.
  15.1780  0.
  15.1800  0.
  15.1820  0.
  15.1840  0.
  15.1860  0.
  15.1880  0.
  15.1900  0.
  15.1920  0.
  15.1940  0.
  15.1960  0.
  15.1980  0.
  15.2000  0.
  15.2020  0.
  15.2040  0.
  15.2060  0.
  15.2080  0.
  15.2100  0.
  15.2120  0.
  15.2140  0.
  15.2160  0.
  15.2180  0.
  15.2200  0.
  15.2220  0.
  15.2240  0.
  15.2260  0.
  15.2280  0.
  15.2300  0.
  15.2320  0.
  15.2340  0.
  15.2360  0.
  15.2380  0.
  15.2400  0.
  15.2420  0.
  15.2440  0.
  15.2460  0.
  15.2480  0.
  15.2500  0.
  15.2520  0.
  15.2540  0.
  15.2560  0.
  15.2580  0.
  15.2600  0.
  15.2620  0.
  15.2640  0.
  15.2660  0.
  15.2680  0.
  15.2700  0.
  15.2720  0.
  15.2740  0.
  15.2760  0.
  15.2780  0.
  15.2800  0.
  15.2820  0.
  15.2840  0.
  15.2860  0.
  15.2880  0.
  15.2900  0.
  15.2920  0.
  15.2940  0.
  15.2960  0.
  15.2980  0.
  15.3000  0.
  15.3020  0.
  15.3040  0.
  15.3060  0.
  15.3080  0.
  15.3100  0.
  15.3120  0.
  15.3140  0.
  15.3160  0.
  15.3180  0.
  15.3200  0.
  15.3220  0.
  15.3240  0.
  15.3260  0.
  15.3280  0.
  15.3300  0.
  15.3320  0.
  15.3340  0.
  15.3360  0.
  15.3380  0.
  15.3400  0.
  15.3420  0.
  15.3440  0.
  15.3460  0.
  15.3480  0.
  15.3500  0.
  15.3520  0.
  15.3540  0.
  15.3560  0.
  15.3580  0.
  15.3600  0.
  15.3620  0.
  15.3640  0.
  15.3660  0.
  15.3680  0.
  15.3700  0.
  15.3720  0.
  15.3740  0.
  15.3760  0.
  15.3780  0.
  15.3800  0.
  15.3820  0.
  15.3840  0.
  15.3860  0.
  15.3880  0.
  15.3900  0.
  15.3920  0.
  15.3940  0.
  15.3960  0.
  15.3980  0.
  15.4000  0.
  15.4020  0.
  15.4040  0.
  15.4060  0.
  15.4080  0.
  15.4100  0.
  15.4120  0.
  15.4140  0.
  15.4160  0.
  15.4180  0.
  15.4200  0.
  15.4220  0.
  15.4240  0.
  15.4260  0.
  15.4280  0.
  15.4300  0.
  15.4320  0.
  15.4340  0.
  15.4360  0.
  15.4380  0.
  15.4400  0.
  15.4420  0.
  15.4440  0.
  15.4460  0.
  15.4480  0.
  15.4500  0.
  15.4520  0.
  15.4540  0.
  15.4560  0.
  15.4580  0.
  15.4600  0.
  15.4620  0.
  15.4640  0.
  15.4660  0.
  15.4680  0.
  15.4700  0.
  15.4720  0.
  15.4740  0.
  15.4760  0.
  15.4780  0.
  15.4800  0.
  15.4820  0.
  15.4840  0.
  15.4860  0.
  15.4880  0.
  15.4900  0.
  15.4920  0.
  15.4940  0.
  15.4960  0.
  15.4980  0.
  15.5000  0.
  15.5020  0.
  15.5040  0.
  15.5060  0.
  15.5080  0.
  15.5100  0.
  15.5120  0.
  15.5140  0.
  15.5160  0.
  15.5180  0.
  15.5200  0.
  15.5220  0.
  15.5240  0.
  15.5260  0.
  15.5280  0.
  15.5300  0.
  15.5320  0.
  15.5340  0.
  15.5360  0.
  15.5380  0.
  15.5400  0.
  15.5420  0.
  15.5440  0.
  15.5460  0.
  15.5480  0.
  15.5500  0.
  15.5520  0.
  15.5540  0.
  15.5560  0.
  15.5580  0.
  15.5600  0.
  15.5620  0.
  15.5640  0.
  15.5660  0.
  15.5680  0.
  15.5700  0.
  15.5720  0.
  15.5740  0.
  15.5760  0.
  15.5780  0.
  15.5800  0.
  15.5820  0.
  15.5840  0.
  15.5860  0.
  15.5880  0.
  15.5900  0.
  15.5920  0.
  15.5940  0.
  15.5960  0.
  15.5980  0.
  15.6000  0.
  15.6020  0.
  15.6040  0.
  15.6060  0.
  15.6080  0.
  15.6100  0.
  15.6120  0.
  15.6140  0.
  15.6160  0.
  15.6180  0.
  15.6200  0.
  15.6220  0.
  15.6240  0.
  15.6260  0.
  15.6280  0.
  15.6300  0.
  15.6320  0.
  15.6340  0.
  15.6360  0.
  15.6380  0.
  15.6400  0.
  15.6420  0.
  15.6440  0.
  15.6460  0.
  15.6480  0.
  15.6500  0.
  15.6520  0.
  15.6540  0.
  15.6560  0.
  15.6580  0.
  15.6600  0.
  15.6620  0.
  15.6640  0.
  15.6660  0.
  15.6680  0.
  15.6700  0.
  15.6720  0.
  15.6740  0.
  15.6760  0.
  15.6780  0.
  15.6800  0.
  15.6820  0.
  15.6840  0.
  15.6860  0.
  15.6880  0.
  15.6900  0.
  15.6920  0.
  15.6940  0.
  15.6960  0.
  15.6980  0.
  15.7000  0.
  15.7020  0.
  15.7040  0.
  15.7060  0.
  15.7080  0.
  15.7100  0.
  15.7120  0.
  15.7140  0.
  15.7160  0.
  15.7180  0.
  15.7200  0.
  15.7220  0.
  15.7240  0.
  15.7260  0.
  15.7280  0.
  15.7300  0.
  15.7320  0.
  15.7340  0.
  15.7360  0.
  15.7380  0.
  15.7400  0.
  15.7420  0.
  15.7440    1.63945E-09
  15.7460    1.24912E-07
  15.7480    2.32731E-06
  15.7500    1.21030E-05
  15.7520    2.10065E-05
  15.7540    1.58719E-05
  15.7560    4.92785E-06
  15.7580    5.32594E-07
  15.7600    1.57981E-06
  15.7620    1.15270E-05
  15.7640    2.46467E-05
  15.7660    2.27319E-05
  15.7680    1.41911E-05
  15.7700    3.75459E-06
  15.7720    2.86166E-07
  15.7740    5.79600E-09
  15.7760  0.
  15.7780  0.
  15.7800    3.74683E-10
  15.7820    8.37451E-08
  15.7840    2.45914E-06
  15.7860    2.01953E-05
  15.7880    4.71992E-05
  15.7900    3.15639E-05
  15.7920    5.97871E-06
  15.7940    3.15177E-07
  15.7960    4.08407E-09
  15.7980    8.26972E-10
  15.8000    5.28519E-08
  15.8020    8.48800E-07
  15.8040    3.42738E-06
  15.8060    3.47504E-06
  15.8080    8.85540E-07
  15.8100    5.67156E-08
  15.8120    9.12930E-10
  15.8140  0.
  15.8160  0.
  15.8180    6.54473E-11
  15.8200    1.68347E-07
  15.8220    8.34810E-06
  15.8240    1.23710E-04
  15.8260    6.12166E-04
  15.8280    1.16976E-03
  15.8300    1.11230E-03
  15.8320    5.53394E-04
  15.8340    1.12123E-04
  15.8360    1.98208E-05
  15.8380    1.17965E-04
  15.8400    3.65984E-04
  15.8420    3.79840E-04
  15.8440    1.65292E-04
  15.8460    5.00395E-05
  15.8480    8.69635E-06
  15.8500    8.44104E-07
  15.8520    7.31030E-06
  15.8540    4.48180E-05
  15.8560    8.12358E-05
  15.8580    4.38361E-05
  15.8600    1.28573E-05
  15.8620    1.18399E-04
  15.8640    7.74388E-04
  15.8660    1.86472E-03
  15.8680    2.04090E-03
  15.8700    1.15963E-03
  15.8720    2.83620E-04
  15.8740    6.51839E-05
  15.8760    4.12275E-04
  15.8780    1.30208E-03
  15.8800    1.48652E-03
  15.8820    8.91990E-04
  15.8840    3.34098E-04
  15.8860    5.28074E-05
  15.8880    3.51575E-05
  15.8900    3.08217E-04
  15.8920    1.27691E-03
  15.8940    2.24223E-03
  15.8960    1.50933E-03
  15.8980    3.66954E-04
  15.9000    5.72978E-05
  15.9020    2.85908E-04
  15.9040    1.16327E-03
  15.9060    2.46019E-03
  15.9080    2.72716E-03
  15.9100    1.21893E-03
  15.9120    2.25833E-04
  15.9140    4.67151E-04
  15.9160    1.85868E-03
  15.9180    3.25041E-03
  15.9200    2.77733E-03
  15.9220    9.82688E-04
  15.9240    2.05076E-04
  15.9260    1.20299E-03
  15.9280    6.59640E-03
  15.9300    1.63701E-02
  15.9320    2.03329E-02
  15.9340    1.30203E-02
  15.9360    4.05982E-03
  15.9380    5.52296E-04
  15.9400    1.21540E-04
  15.9420    7.99561E-04
  15.9440    2.80228E-03
  15.9460    4.28243E-03
  15.9480    2.61376E-03
  15.9500    5.88032E-04
  15.9520    2.35256E-04
  15.9540    1.18681E-03
  15.9560    3.09536E-03
  15.9580    2.90352E-03
  15.9600    9.05710E-04
  15.9620    1.10521E-04
  15.9640    1.36508E-04
  15.9660    1.37640E-03
  15.9680    7.15539E-03
  15.9700    1.52644E-02
  15.9720    1.51509E-02
  15.9740    7.52726E-03
  15.9760    1.80033E-03
  15.9780    1.85125E-04
  15.9800    7.11262E-06
  15.9820    7.29569E-08
  15.9840  0.
  15.9860  0.
  15.9880  0.
  15.9900  0.
  15.9920  0.
  15.9940  0.
  15.9960    1.05541E-07
  15.9980    6.63084E-06
  16.0000    1.34555E-04
  16.0020    1.14343E-03
  16.0040    4.94165E-03
  16.0060    1.27823E-02
  16.0080    2.20694E-02
  16.0100    2.64776E-02
  16.0120    2.19663E-02
  16.0140    1.16051E-02
  16.0160    3.18403E-03
  16.0180    3.91562E-04
  16.0200    2.88810E-04
  16.0220    1.64014E-03
  16.0240    3.63360E-03
  16.0260    2.82937E-03
  16.0280    1.13100E-03
  16.0300    3.30082E-03
  16.0320    8.40797E-03
  16.0340    7.56853E-03
  16.0360    6.67034E-03
  16.0380    3.02651E-02
  16.0400    8.72415E-02
  16.0420   0.144017
  16.0440   0.177793
  16.0460   0.190132
  16.0480   0.185442
  16.0500   0.159221
  16.0520   0.109725
  16.0540    5.46546E-02
  16.0560    1.59563E-02
  16.0580    2.24120E-03
  16.0600    1.05756E-03
  16.0620    4.16136E-03
  16.0640    6.09266E-03
  16.0660    3.23498E-03
  16.0680    3.36882E-03
  16.0700    9.65685E-03
  16.0720    1.09610E-02
  16.0740    1.53852E-02
  16.0760    6.09808E-02
  16.0780   0.145565
  16.0800   0.211731
  16.0820   0.240154
  16.0840   0.249317
  16.0860   0.244208
  16.0880   0.228865
  16.0900   0.204358
  16.0920   0.161175
  16.0940    9.54395E-02
  16.0960    3.51969E-02
  16.0980    6.64295E-03
  16.1000    1.51681E-03
  16.1020    3.49390E-03
  16.1040    3.75154E-03
  16.1060    1.34487E-03
  16.1080    4.57678E-04
  16.1100    3.46872E-04
  16.1120    1.04362E-04
  16.1140    1.78929E-04
  16.1160    2.58091E-03
  16.1180    1.61576E-02
  16.1200    5.05533E-02
  16.1220    9.64293E-02
  16.1240   0.133639
  16.1260   0.156451
  16.1280   0.168252
  16.1300   0.166453
  16.1320   0.151067
  16.1340   0.122778
  16.1360    8.01760E-02
  16.1380    3.21388E-02
  16.1400    8.02036E-03
  16.1420    6.09394E-03
  16.1440    4.52147E-03
  16.1460    1.52720E-03
  16.1480    2.44971E-03
  16.1500    1.25520E-02
  16.1520    3.49789E-02
  16.1540    5.15165E-02
  16.1560    5.10378E-02
  16.1580    4.19376E-02
  16.1600    3.15217E-02
  16.1620    2.08169E-02
  16.1640    1.20002E-02
  16.1660    5.97595E-03
  16.1680    2.31209E-03
  16.1700    6.25045E-04
  16.1720    1.05938E-04
  16.1740    9.38778E-06
  16.1760    3.32038E-07
  16.1780    3.05339E-09
  16.1800  0.
  16.1820  0.
  16.1840  0.
  16.1860  0.
  16.1880  0.
  16.1900  0.
  16.1920  0.
  16.1940  0.
  16.1960  0.
  16.1980  0.
  16.2000  0.
  16.2020  0.
  16.2040  0.
  16.2060  0.
  16.2080  0.
  16.2100  0.
  16.2120  0.
  16.2140  0.
  16.2160  0.
  16.2180  0.
  16.2200  0.
  16.2220  0.
  16.2240  0.
  16.2260  0.
  16.2280  0.
  16.2300  0.
  16.2320  0.
  16.2340  0.
  16.2360  0.
  16.2380    1.15283E-09
  16.2400    4.40775E-07
  16.2420    2.19647E-05
  16.2440    3.76921E-04
  16.2460    2.63146E-03
  16.2480    8.83214E-03
  16.2500    1.94854E-02
  16.2520    3.66835E-02
  16.2540    5.22141E-02
  16.2560    5.53587E-02
  16.2580    5.25003E-02
  16.2600    4.19404E-02
  16.2620    2.35253E-02
  16.2640    2.56617E-02
  16.2660    6.30381E-02
  16.2680    9.27589E-02
  16.2700    7.69053E-02
  16.2720    6.36437E-02
  16.2740    8.24525E-02
  16.2760    8.03949E-02
  16.2780    4.74773E-02
  16.2800    1.51552E-02
  16.2820    2.26596E-03
  16.2840    9.83137E-04
  16.2860    8.62855E-03
  16.2880    3.85015E-02
  16.2900    9.14743E-02
  16.2920   0.141342
  16.2940   0.172575
  16.2960   0.181726
  16.2980   0.152757
  16.3000    8.92797E-02
  16.3020    3.69785E-02
  16.3040    3.28082E-02
  16.3060    4.43955E-02
  16.3080    3.33012E-02
  16.3100    1.31816E-02
  16.3120    2.57549E-03
  16.3140    2.19624E-04
  16.3160    1.67525E-04
  16.3180    8.35030E-04
  16.3200    1.43953E-03
  16.3220    8.35753E-04
  16.3240    1.79663E-04
  16.3260    5.01439E-04
  16.3280    5.19074E-03
  16.3300    2.72019E-02
  16.3320    8.00698E-02
  16.3340   0.147845
  16.3360   0.192628
  16.3380   0.194418
  16.3400   0.147777
  16.3420    8.71857E-02
  16.3440   0.116919
  16.3460   0.215710
  16.3480   0.281692
  16.3500   0.279437
  16.3520   0.230021
  16.3540   0.182775
  16.3560   0.177336
  16.3580   0.165616
  16.3600   0.109143
  16.3620    4.51984E-02
  16.3640    1.00930E-02
  16.3660    1.05059E-03
  16.3680    1.01866E-03
  16.3700    9.64588E-03
  16.3720    4.07560E-02
  16.3740    8.95849E-02
  16.3760   0.142792
  16.3780   0.192351
  16.3800   0.176165
  16.3820   0.104903
  16.3840    9.08453E-02
  16.3860   0.132654
  16.3880   0.145910
  16.3900   0.193809
  16.3920   0.276959
  16.3940   0.283561
  16.3960   0.213634
  16.3980   0.154314
  16.4000   0.128071
  16.4020    8.75961E-02
  16.4040    3.95248E-02
  16.4060    9.49667E-03
  16.4080    1.01523E-03
  16.4100    7.66017E-04
  16.4120    7.93742E-03
  16.4140    3.86486E-02
  16.4160    9.90580E-02
  16.4180   0.151462
  16.4200   0.145044
  16.4220   0.110388
  16.4240    9.86242E-02
  16.4260    9.53058E-02
  16.4280    1.04211E-01
  16.4300   0.158390
  16.4320   0.266652
  16.4340   0.331107
  16.4360   0.316745
  16.4380   0.251343
  16.4400   0.200603
  16.4420   0.157225
  16.4440    8.40233E-02
  16.4460    2.73455E-02
  16.4480    5.56595E-03
  16.4500    6.91220E-04
  16.4520    4.18526E-04
  16.4540    4.97943E-03
  16.4560    2.68958E-02
  16.4580    6.89354E-02
  16.4600    1.00906E-01
  16.4620   0.113815
  16.4640   0.111398
  16.4660    9.21638E-02
  16.4680   0.119322
  16.4700   0.221175
  16.4720   0.309972
  16.4740   0.347661
  16.4760   0.354233
  16.4780   0.330525
  16.4800   0.270591
  16.4820   0.218417
  16.4840   0.193952
  16.4860   0.139377
  16.4880    6.68399E-02
  16.4900    1.87863E-02
  16.4920    2.57721E-03
  16.4940    2.90419E-04
  16.4960    2.48847E-03
  16.4980    1.71915E-02
  16.5000    5.68572E-02
  16.5020   0.116596
  16.5040   0.163110
  16.5060   0.167171
  16.5080   0.156930
  16.5100   0.151774
  16.5120   0.195738
  16.5140   0.281238
  16.5160   0.354163
  16.5180   0.373738
  16.5200   0.352090
  16.5220   0.296586
  16.5240   0.229253
  16.5260   0.189830
  16.5280   0.150997
  16.5300    9.02764E-02
  16.5320    3.45785E-02
  16.5340    7.14948E-03
  16.5360    6.64629E-04
  16.5380    2.35196E-05
  16.5400    2.33151E-07
  16.5420    2.76805E-06
  16.5440    1.23568E-04
  16.5460    1.92133E-03
  16.5480    1.16564E-02
  16.5500    3.29837E-02
  16.5520    7.22604E-02
  16.5540   0.148487
  16.5560   0.211367
  16.5580   0.224165
  16.5600   0.257014
  16.5620   0.310174
  16.5640   0.314292
  16.5660   0.274230
  16.5680   0.246851
  16.5700   0.227147
  16.5720   0.171904
  16.5740    9.36425E-02
  16.5760    3.12581E-02
  16.5780    5.25036E-03
  16.5800    5.84420E-04
  16.5820    3.56912E-03
  16.5840    2.38803E-02
  16.5860    7.76133E-02
  16.5880   0.145050
  16.5900   0.191442
  16.5920   0.205074
  16.5940   0.201439
  16.5960   0.271650
  16.5980   0.368052
  16.6000   0.408801
  16.6020   0.392044
  16.6040   0.323446
  16.6060   0.287530
  16.6080   0.310629
  16.6100   0.312871
  16.6120   0.298533
  16.6140   0.256704
  16.6160   0.176509
  16.6180    8.64086E-02
  16.6200    2.51126E-02
  16.6220    3.54047E-03
  16.6240    6.84573E-04
  16.6260    5.52350E-03
  16.6280    3.03842E-02
  16.6300    8.79334E-02
  16.6320   0.149925
  16.6340   0.178157
  16.6360   0.170721
  16.6380   0.200378
  16.6400   0.263884
  16.6420   0.285930
  16.6440   0.267798
  16.6460   0.227653
  16.6480   0.180482
  16.6500   0.124223
  16.6520    6.83252E-02
  16.6540    3.51678E-02
  16.6560    1.54140E-02
  16.6580    4.01086E-03
  16.6600    5.03326E-04
  16.6620    2.65247E-05
  16.6640    5.02488E-07
  16.6660    2.22142E-06
  16.6680    8.08621E-05
  16.6700    1.06983E-03
  16.6720    6.00108E-03
  16.6740    1.87473E-02
  16.6760    4.26204E-02
  16.6780    7.03459E-02
  16.6800   0.111581
  16.6820   0.182692
  16.6840   0.242681
  16.6860   0.279249
  16.6880   0.305031
  16.6900   0.325866
  16.6920   0.332630
  16.6940   0.316339
  16.6960   0.289163
  16.6980   0.248538
  16.7000   0.243980
  16.7020   0.245203
  16.7040   0.189576
  16.7060    1.01066E-01
  16.7080    3.13467E-02
  16.7100    4.73734E-03
  16.7120    3.37568E-03
  16.7140    2.38015E-02
  16.7160    8.12818E-02
  16.7180   0.143028
  16.7200   0.140854
  16.7220   0.119300
  16.7240   0.179244
  16.7260   0.230432
  16.7280   0.248243
  16.7300   0.299517
  16.7320   0.322990
  16.7340   0.283962
  16.7360   0.192626
  16.7380    8.35703E-02
  16.7400    1.82865E-02
  16.7420    2.31609E-03
  16.7440    2.58671E-03
  16.7460    5.27885E-03
  16.7480    6.77421E-03
  16.7500    4.79956E-03
  16.7520    1.83549E-03
  16.7540    3.84732E-04
  16.7560    7.31870E-04
  16.7580    5.57884E-03
  16.7600    2.09096E-02
  16.7620    4.33361E-02
  16.7640    5.91412E-02
  16.7660    7.44162E-02
  16.7680    9.19772E-02
  16.7700   0.117646
  16.7720   0.169986
  16.7740   0.213122
  16.7760   0.239164
  16.7780   0.250280
  16.7800   0.250500
  16.7820   0.225223
  16.7840   0.183752
  16.7860   0.161966
  16.7880   0.155461
  16.7900   0.122446
  16.7920    7.30432E-02
  16.7940    3.64146E-02
  16.7960    1.42304E-02
  16.7980    3.08119E-03
  16.8000    2.81924E-04
  16.8020    9.29232E-06
  16.8040    6.93456E-08
  16.8060    5.62003E-11
  16.8080    1.28921E-07
  16.8100    8.10859E-06
  16.8120    1.68281E-04
  16.8140    1.55085E-03
  16.8160    8.14781E-03
  16.8180    2.73139E-02
  16.8200    6.13629E-02
  16.8220    1.01888E-01
  16.8240   0.138028
  16.8260   0.157293
  16.8280   0.150355
  16.8300   0.145492
  16.8320   0.162256
  16.8340   0.181869
  16.8360   0.181484
  16.8380   0.141363
  16.8400    7.58302E-02
  16.8420    2.43667E-02
  16.8440    4.86823E-03
  16.8460    9.01751E-03
  16.8480    3.31472E-02
  16.8500    5.95834E-02
  16.8520    8.60761E-02
  16.8540   0.129499
  16.8560   0.157714
  16.8580   0.159272
  16.8600   0.146238
  16.8620   0.121450
  16.8640    9.40841E-02
  16.8660    7.86689E-02
  16.8680    6.63816E-02
  16.8700    4.85937E-02
  16.8720    2.93376E-02
  16.8740    1.39725E-02
  16.8760    6.11779E-03
  16.8780    2.66568E-03
  16.8800    8.19482E-04
  16.8820    1.44349E-04
  16.8840    1.24022E-05
  16.8860    4.16792E-07
  16.8880    3.47225E-09
  16.8900  0.
  16.8920  0.
  16.8940  0.
  16.8960  0.
  16.8980  0.
  16.9000  0.
  16.9020  0.
  16.9040  0.
  16.9060    4.60990E-09
  16.9080    4.82909E-07
  16.9100    1.32124E-05
  16.9120    1.41289E-04
  16.9140    7.47869E-04
  16.9160    2.37200E-03
  16.9180    5.35204E-03
  16.9200    1.16745E-02
  16.9220    2.44924E-02
  16.9240    4.06510E-02
  16.9260    5.46270E-02
  16.9280    6.08897E-02
  16.9300    5.24823E-02
  16.9320    2.89849E-02
  16.9340    8.67918E-03
  16.9360    7.04239E-03
  16.9380    2.31714E-02
  16.9400    5.55656E-02
  16.9420   0.112383
  16.9440   0.171941
  16.9460   0.206457
  16.9480   0.220548
  16.9500   0.223335
  16.9520   0.220092
  16.9540   0.210238
  16.9560   0.192478
  16.9580   0.165735
  16.9600   0.136413
  16.9620   0.112414
  16.9640    8.23849E-02
  16.9660    5.55093E-02
  16.9680    4.59468E-02
  16.9700    3.68498E-02
  16.9720    2.39333E-02
  16.9740    1.26551E-02
  16.9760    5.15228E-03
  16.9780    1.47862E-03
  16.9800    3.43893E-04
  16.9820    1.76942E-03
  16.9840    1.77320E-02
  16.9860    8.58559E-02
  16.9880   0.216058
  16.9900   0.340641
  16.9920   0.419273
  16.9940   0.464388
  16.9960   0.494388
  16.9980   0.514429
  17.0000   0.516911
  17.0020   0.508189
  17.0040   0.519476
  17.0060   0.537050
  17.0080   0.520629
  17.0100   0.443897
  17.0120   0.375743
  17.0140   0.430262
  17.0160   0.499658
  17.0180   0.507121
  17.0200   0.469891
  17.0220   0.367387
  17.0240   0.198683
  17.0260    6.74829E-02
  17.0280    6.74054E-02
  17.0300   0.150752
  17.0320   0.260534
  17.0340   0.382887
  17.0360   0.467557
  17.0380   0.492930
  17.0400   0.448153
  17.0420   0.314637
  17.0440   0.175149
  17.0460   0.218912
  17.0480   0.387034
  17.0500   0.500136
  17.0520   0.538511
  17.0540   0.530226
  17.0560   0.463823
  17.0580   0.369386
  17.0600   0.380440
  17.0620   0.462776
  17.0640   0.492977
  17.0660   0.459755
  17.0680   0.374910
  17.0700   0.239688
  17.0720    9.85682E-02
  17.0740    6.77630E-02
  17.0760   0.141231
  17.0780   0.250692
  17.0800   0.327656
  17.0820   0.343172
  17.0840   0.338933
  17.0860   0.314538
  17.0880   0.263620
  17.0900   0.197610
  17.0920   0.131693
  17.0940    6.91791E-02
  17.0960    2.42213E-02
  17.0980    4.80718E-03
  17.1000    4.56165E-04
  17.1020    1.87827E-05
  17.1040    6.43743E-05
  17.1060    1.15949E-03
  17.1080    8.79496E-03
  17.1100    3.34839E-02
  17.1120    7.74652E-02
  17.1140   0.119697
  17.1160   0.122406
  17.1180    7.84425E-02
  17.1200    5.55800E-02
  17.1220   0.121705
  17.1240   0.251928
  17.1260   0.364130
  17.1280   0.408021
  17.1300   0.405896
  17.1320   0.418946
  17.1340   0.455543
  17.1360   0.495488
  17.1380   0.521040
  17.1400   0.526461
  17.1420   0.528269
  17.1440   0.534213
  17.1460   0.532473
  17.1480   0.518702
  17.1500   0.480299
  17.1520   0.387659
  17.1540   0.294130
  17.1560   0.311819
  17.1580   0.363953
  17.1600   0.332579
  17.1620   0.249023
  17.1640   0.167250
  17.1660    8.18062E-02
  17.1680    5.41753E-02
  17.1700   0.140749
  17.1720   0.275274
  17.1740   0.346846
  17.1760   0.347136
  17.1780   0.306269
  17.1800   0.276170
  17.1820   0.283377
  17.1840   0.282117
  17.1860   0.254140
  17.1880   0.209276
  17.1900   0.159805
  17.1920   0.118560
  17.1940    8.36505E-02
  17.1960    5.15052E-02
  17.1980    2.51078E-02
  17.2000    8.63382E-03
  17.2020    1.79640E-03
  17.2040    1.92492E-04
  17.2060    9.19460E-06
  17.2080    1.60410E-07
  17.2100    3.27629E-10
  17.2120  0.
  17.2140  0.
  17.2160  0.
  17.2180  0.
  17.2200  0.
  17.2220  0.
  17.2240  0.
  17.2260    6.41572E-08
  17.2280    4.53599E-06
  17.2300    1.04462E-04
  17.2320    1.05758E-03
  17.2340    5.69974E-03
  17.2360    1.88138E-02
  17.2380    4.31365E-02
  17.2400    7.67064E-02
  17.2420   0.113864
  17.2440   0.147999
  17.2460   0.177613
  17.2480   0.193788
  17.2500   0.186764
  17.2520   0.193524
  17.2540   0.215894
  17.2560   0.232452
  17.2580   0.211264
  17.2600   0.147226
  17.2620   0.145533
  17.2640   0.257677
  17.2660   0.355489
  17.2680   0.398097
  17.2700   0.428583
  17.2720   0.452735
  17.2740   0.459456
  17.2760   0.439356
  17.2780   0.391979
  17.2800   0.386149
  17.2820   0.411965
  17.2840   0.358570
  17.2860   0.286173
  17.2880   0.349458
  17.2900   0.429233
  17.2920   0.454610
  17.2940   0.462100
  17.2960   0.448626
  17.2980   0.395599
  17.3000   0.336037
  17.3020   0.320930
  17.3040   0.306183
  17.3060   0.279209
  17.3080   0.224170
  17.3100   0.228956
  17.3120   0.303438
  17.3140   0.344451
  17.3160   0.351354
  17.3180   0.342667
  17.3200   0.322965
  17.3220   0.292364
  17.3240   0.255896
  17.3260   0.218312
  17.3280   0.171521
  17.3300   0.142989
  17.3320   0.131359
  17.3340   0.107884
  17.3360    7.72420E-02
  17.3380    5.01578E-02
  17.3400    2.88533E-02
  17.3420    1.35763E-02
  17.3440    4.85184E-03
  17.3460    1.20948E-03
  17.3480    1.86023E-04
  17.3500    1.46080E-05
  17.3520    4.60909E-07
  17.3540    3.70555E-09
  17.3560  0.
  17.3580  0.
  17.3600  0.
  17.3620    3.72529E-08
  17.3640    2.28974E-06
  17.3660    4.71486E-05
  17.3680    4.23095E-04
  17.3700    1.99302E-03
  17.3720    5.99570E-03
  17.3740    1.50602E-02
  17.3760    2.97149E-02
  17.3780    4.13282E-02
  17.3800    5.30567E-02
  17.3820    8.93185E-02
  17.3840   0.142915
  17.3860   0.187885
  17.3880   0.224336
  17.3900   0.255276
  17.3920   0.281570
  17.3940   0.301393
  17.3960   0.302699
  17.3980   0.258465
  17.4000   0.158419
  17.4020    7.30546E-02
  17.4040    8.06145E-02
  17.4060   0.173696
  17.4080   0.308241
  17.4100   0.405435
  17.4120   0.450636
  17.4140   0.473576
  17.4160   0.489431
  17.4180   0.503108
  17.4200   0.512660
  17.4220   0.515662
  17.4240   0.509483
  17.4260   0.487959
  17.4280   0.440302
  17.4300   0.426157
  17.4320   0.484145
  17.4340   0.529618
  17.4360   0.545001
  17.4380   0.551524
  17.4400   0.553858
  17.4420   0.554479
  17.4440   0.549566
  17.4460   0.524174
  17.4480   0.451772
  17.4500   0.367746
  17.4520   0.353508
  17.4540   0.359510
  17.4560   0.397249
  17.4580   0.479928
  17.4600   0.525702
  17.4620   0.536098
  17.4640   0.536861
  17.4660   0.536009
  17.4680   0.532759
  17.4700   0.524325
  17.4720   0.508282
  17.4740   0.481678
  17.4760   0.452453
  17.4780   0.416680
  17.4800   0.378277
  17.4820   0.390332
  17.4840   0.408042
  17.4860   0.393550
  17.4880   0.361699
  17.4900   0.317548
  17.4920   0.256197
  17.4940   0.176386
  17.4960    9.76475E-02
  17.4980    4.26569E-02
  17.5000    1.28383E-02
  17.5020    2.02055E-03
  17.5040    1.67731E-04
  17.5060    8.36689E-04
  17.5080    7.68418E-03
  17.5100    3.31927E-02
  17.5120    8.13620E-02
  17.5140   0.137048
  17.5160   0.183850
  17.5180   0.214963
  17.5200   0.230462
  17.5220   0.232873
  17.5240   0.228212
  17.5260   0.220426
  17.5280   0.203186
  17.5300   0.172978
  17.5320   0.153883
  17.5340   0.147786
  17.5360   0.132295
  17.5380   0.109788
  17.5400    8.64059E-02
  17.5420    6.30839E-02
  17.5440    4.11220E-02
  17.5460    2.38083E-02
  17.5480    1.27072E-02
  17.5500    5.76073E-03
  17.5520    1.94137E-03
  17.5540    4.38968E-04
  17.5560    5.76358E-05
  17.5580    3.52370E-06
  17.5600    7.76168E-08
  17.5620    1.72395E-10
  17.5640  0.
  17.5660  0.
  17.5680  0.
  17.5700  0.
  17.5720    1.09930E-09
  17.5740    1.70394E-07
  17.5760    5.56684E-06
  17.5780    6.66722E-05
  17.5800    3.99026E-04
  17.5820    1.59395E-03
  17.5840    4.63207E-03
  17.5860    1.00658E-02
  17.5880    1.77179E-02
  17.5900    2.65684E-02
  17.5920    3.46832E-02
  17.5940    4.18973E-02
  17.5960    4.93985E-02
  17.5980    5.46223E-02
  17.6000    5.54815E-02
  17.6020    5.18184E-02
  17.6040    4.35834E-02
  17.6060    3.26225E-02
  17.6080    2.34931E-02
  17.6100    1.69921E-02
  17.6120    1.06210E-02
  17.6140    5.14536E-03
  17.6160    1.85540E-03
  17.6180    4.58928E-04
  17.6200    6.66601E-05
  17.6220    4.53201E-06
  17.6240    1.11463E-07
  17.6260    3.57731E-10
  17.6280  0.
  17.6300  0.
  17.6320  0.
  17.6340    5.93320E-10
  17.6360    1.42427E-07
  17.6380    5.62755E-06
  17.6400    8.36732E-05
  17.6420    6.07852E-04
  17.6440    2.65027E-03
  17.6460    7.96563E-03
  17.6480    1.82140E-02
  17.6500    3.40349E-02
  17.6520    5.46990E-02
  17.6540    7.80138E-02
  17.6560    9.98575E-02
  17.6580   0.117075
  17.6600   0.143237
  17.6620   0.183414
  17.6640   0.219280
  17.6660   0.248603
  17.6680   0.274952
  17.6700   0.299332
  17.6720   0.321288
  17.6740   0.337935
  17.6760   0.353693
  17.6780   0.374395
  17.6800   0.390806
  17.6820   0.394949
  17.6840   0.385240
  17.6860   0.390736
  17.6880   0.416694
  17.6900   0.431781
  17.6920   0.443958
  17.6940   0.460576
  17.6960   0.471657
  17.6980   0.476350
  17.7000   0.469498
  17.7020   0.449349
  17.7040   0.443428
  17.7060   0.457384
  17.7080   0.455967
  17.7100   0.429139
  17.7120   0.407809
  17.7140   0.386665
  17.7160   0.299719
  17.7180   0.244018
  17.7200   0.301274
  17.7220   0.348186
  17.7240   0.368560
  17.7260   0.370236
  17.7280   0.360477
  17.7300   0.339945
  17.7320   0.306134
  17.7340   0.261248
  17.7360   0.206297
  17.7380   0.153485
  17.7400   0.107007
  17.7420    6.33583E-02
  17.7440    2.88306E-02
  17.7460    8.85509E-03
  17.7480    1.59095E-03
  17.7500    1.43877E-04
  17.7520    5.49237E-06
  17.7540    1.07849E-07
  17.7560    3.94198E-06
  17.7580    1.05239E-04
  17.7600    1.16272E-03
  17.7620    6.35514E-03
  17.7640    2.07301E-02
  17.7660    4.91473E-02
  17.7680    9.10773E-02
  17.7700   0.141565
  17.7720   0.204644
  17.7740   0.266798
  17.7760   0.314454
  17.7780   0.358863
  17.7800   0.403357
  17.7820   0.439083
  17.7840   0.465513
  17.7860   0.480089
  17.7880   0.479636
  17.7900   0.490224
  17.7920   0.525744
  17.7940   0.555921
  17.7960   0.573219
  17.7980   0.586485
  17.8000   0.598386
  17.8020   0.607937
  17.8040   0.615662
  17.8060   0.622568
  17.8080   0.628104
  17.8100   0.630320
  17.8120   0.626259
  17.8140   0.611178
  17.8160   0.607181
  17.8180   0.626089
  17.8200   0.637453
  17.8220   0.642982
  17.8240   0.648688
  17.8260   0.641674
  17.8280   0.633614
  17.8300   0.643285
  17.8320   0.638662
  17.8340   0.569554
  17.8360   0.481641
  17.8380   0.515279
  17.8400   0.529456
  17.8420   0.451080
  17.8440   0.473886
  17.8460   0.588509
  17.8480   0.646095
  17.8500   0.658445
  17.8520   0.654403
  17.8540   0.635058
  17.8560   0.582988
  17.8580   0.464901
  17.8600   0.320969
  17.8620   0.319209
  17.8640   0.458055
  17.8660   0.564404
  17.8680   0.607856
  17.8700   0.639229
  17.8720   0.655354
  17.8740   0.647577
  17.8760   0.633117
  17.8780   0.629718
  17.8800   0.645484
  17.8820   0.668316
  17.8840   0.676532
  17.8860   0.671776
  17.8880   0.654649
  17.8900   0.614784
  17.8920   0.518774
  17.8940   0.352772
  17.8960   0.277504
  17.8980   0.406334
  17.9000   0.560241
  17.9020   0.634756
  17.9040   0.663281
  17.9060   0.675057
  17.9080   0.680048
  17.9100   0.681367
  17.9120   0.680686
  17.9140   0.678231
  17.9160   0.672224
  17.9180   0.655942
  17.9200   0.615645
  17.9220   0.575649
  17.9240   0.594739
  17.9260   0.623568
  17.9280   0.607900
  17.9300   0.552459
  17.9320   0.443229
  17.9340   0.287694
  17.9360   0.238377
  17.9380   0.342733
  17.9400   0.394713
  17.9420   0.311577
  17.9440   0.159350
  17.9460    4.32805E-02
  17.9480    7.29586E-03
  17.9500    2.43929E-02
  17.9520   0.112732
  17.9540   0.264887
  17.9560   0.402595
  17.9580   0.490607
  17.9600   0.541484
  17.9620   0.570535
  17.9640   0.587139
  17.9660   0.596228
  17.9680   0.599682
  17.9700   0.597059
  17.9720   0.588639
  17.9740   0.581980
  17.9760   0.580154
  17.9780   0.568826
  17.9800   0.535109
  17.9820   0.478658
  17.9840   0.430328
  17.9860   0.443833
  17.9880   0.488268
  17.9900   0.505024
  17.9920   0.499539
  17.9940   0.484380
  17.9960   0.462396
  17.9980   0.434582
  18.0000   0.403836
  18.0020   0.373616
  18.0040   0.339928
  18.0060   0.299854
  18.0080   0.254137
  18.0100   0.204157
  18.0120   0.152192
  18.0140    1.01913E-01
  18.0160    5.83465E-02
  18.0180    2.65306E-02
  18.0200    8.65576E-03
  18.0220    1.78448E-03
  18.0240    1.99931E-04
  18.0260    1.02586E-05
  18.0280    1.91661E-07
  18.0300    4.48870E-09
  18.0320    6.97044E-07
  18.0340    2.66537E-05
  18.0360    4.03106E-04
  18.0380    2.95494E-03
  18.0400    1.23356E-02
  18.0420    3.38126E-02
  18.0440    6.87641E-02
  18.0460   0.113851
  18.0480   0.163603
  18.0500   0.213101
  18.0520   0.258931
  18.0540   0.301399
  18.0560   0.342664
  18.0580   0.379754
  18.0600   0.411494
  18.0620   0.438583
  18.0640   0.461850
  18.0660   0.481948
  18.0680   0.499277
  18.0700   0.514259
  18.0720   0.526869
  18.0740   0.536569
  18.0760   0.543840
  18.0780   0.547583
  18.0800   0.545197
  18.0820   0.535783
  18.0840   0.517353
  18.0860   0.520889
  18.0880   0.548261
  18.0900   0.561486
  18.0920   0.558916
  18.0940   0.547043
  18.0960   0.523928
  18.0980   0.479185
  18.1000   0.392163
  18.1020   0.246744
  18.1040    9.43743E-02
  18.1060    3.37497E-02
  18.1080    9.86860E-02
  18.1100   0.252536
  18.1120   0.395617
  18.1140   0.479971
  18.1160   0.522992
  18.1180   0.545218
  18.1200   0.557061
  18.1220   0.562985
  18.1240   0.564929
  18.1260   0.563748
  18.1280   0.560441
  18.1300   0.555386
  18.1320   0.546077
  18.1340   0.530174
  18.1360   0.511521
  18.1380   0.503620
  18.1400   0.504162
  18.1420   0.497300
  18.1440   0.483042
  18.1460   0.464718
  18.1480   0.442639
  18.1500   0.415386
  18.1520   0.379769
  18.1540   0.326599
  18.1560   0.235016
  18.1580   0.116607
  18.1600    7.09091E-02
  18.1620   0.109345
  18.1640   0.126419
  18.1660    1.00752E-01
  18.1680    6.25193E-02
  18.1700    2.99045E-02
  18.1720    1.00542E-02
  18.1740    2.06569E-03
  18.1760    2.16997E-04
  18.1780    9.63448E-06
  18.1800    1.37574E-07
  18.1820    3.23258E-08
  18.1840    3.01742E-06
  18.1860    8.44148E-05
  18.1880    9.88874E-04
  18.1900    5.81259E-03
  18.1920    2.00321E-02
  18.1940    4.67753E-02
  18.1960    8.39121E-02
  18.1980   0.126787
  18.2000   0.170038
  18.2020   0.209782
  18.2040   0.244264
  18.2060   0.273043
  18.2080   0.296478
  18.2100   0.314786
  18.2120   0.327835
  18.2140   0.335602
  18.2160   0.338325
  18.2180   0.331332
  18.2200   0.308796
  18.2220   0.298625
  18.2240   0.309545
  18.2260   0.308260
  18.2280   0.293452
  18.2300   0.271940
  18.2320   0.245023
  18.2340   0.212927
  18.2360   0.176070
  18.2380   0.135418
  18.2400    9.28840E-02
  18.2420    5.37181E-02
  18.2440    2.40329E-02
  18.2460    7.03870E-03
  18.2480    1.10128E-03
  18.2500    7.97468E-05
  18.2520    2.48383E-06
  18.2540    4.63245E-08
  18.2560    1.97672E-06
  18.2580    5.80951E-05
  18.2600    6.90951E-04
  18.2620    3.96405E-03
  18.2640    1.29276E-02
  18.2660    2.78935E-02
  18.2680    4.50644E-02
  18.2700    5.99746E-02
  18.2720    7.00030E-02
  18.2740    7.38131E-02
  18.2760    7.14159E-02
  18.2780    6.40920E-02
  18.2800    5.35159E-02
  18.2820    4.10750E-02
  18.2840    2.83309E-02
  18.2860    1.70737E-02
  18.2880    8.66695E-03
  18.2900    3.49369E-03
  18.2920    1.02489E-03
  18.2940    1.92784E-04
  18.2960    1.91896E-05
  18.2980    7.90553E-07
  18.3000    9.62247E-09
  18.3020  0.
  18.3040  0.
  18.3060  0.
  18.3080  0.
  18.3100    5.19355E-10
  18.3120    8.75125E-08
  18.3140    2.71647E-06
  18.3160    2.74036E-05
  18.3180    1.08613E-04
  18.3200    2.17132E-04
  18.3220    2.63303E-04
  18.3240    2.00273E-04
  18.3260    8.75969E-05
  18.3280    1.82904E-05
  18.3300    1.44463E-06
  18.3320    3.59480E-08
  18.3340  0.
  18.3360  0.
  18.3380  0.
  18.3400  0.
  18.3420    7.81491E-11
  18.3440    6.68179E-08
  18.3460    3.07102E-06
  18.3480    5.04190E-05
  18.3500    3.91186E-04
  18.3520    1.77715E-03
  18.3540    5.43207E-03
  18.3560    1.26567E-02
  18.3580    2.39208E-02
  18.3600    3.88550E-02
  18.3620    5.64128E-02
  18.3640    7.54971E-02
  18.3660    9.49231E-02
  18.3680   0.112574
  18.3700   0.120115
  18.3720   0.106073
  18.3740   0.107675
  18.3760   0.150154
  18.3780   0.207380
  18.3800   0.271888
  18.3820   0.312386
  18.3840   0.334900
  18.3860   0.346623
  18.3880   0.342511
  18.3900   0.339747
  18.3920   0.360358
  18.3940   0.387160
  18.3960   0.414022
  18.3980   0.434306
  18.4000   0.443514
  18.4020   0.437840
  18.4040   0.397464
  18.4060   0.322350
  18.4080   0.316560
  18.4100   0.403772
  18.4120   0.470087
  18.4140   0.496660
  18.4160   0.508481
  18.4180   0.515272
  18.4200   0.519368
  18.4220   0.520976
  18.4240   0.519463
  18.4260   0.514721
  18.4280   0.503476
  18.4300   0.470806
  18.4320   0.392700
  18.4340   0.303349
  18.4360   0.318610
  18.4380   0.411818
  18.4400   0.473337
  18.4420   0.494357
  18.4440   0.497821
  18.4460   0.493231
  18.4480   0.481966
  18.4500   0.467073
  18.4520   0.454471
  18.4540   0.438865
  18.4560   0.416239
  18.4580   0.387481
  18.4600   0.352410
  18.4620   0.310289
  18.4640   0.260711
  18.4660   0.204066
  18.4680   0.143042
  18.4700    8.43702E-02
  18.4720    3.80786E-02
  18.4740    1.14978E-02
  18.4760    1.98349E-03
  18.4780    1.66557E-04
  18.4800    5.77076E-06
  18.4820    2.78528E-06
  18.4840    9.50834E-05
  18.4860    1.30094E-03
  18.4880    8.37030E-03
  18.4900    2.95225E-02
  18.4920    6.49545E-02
  18.4940    9.43831E-02
  18.4960    9.49510E-02
  18.4980   0.112831
  18.5000   0.201180
  18.5020   0.299992
  18.5040   0.366056
  18.5060   0.409265
  18.5080   0.441096
  18.5100   0.466563
  18.5120   0.485011
  18.5140   0.495956
  18.5160   0.505839
  18.5180   0.520806
  18.5200   0.534320
  18.5220   0.540855
  18.5240   0.539335
  18.5260   0.523566
  18.5280   0.469092
  18.5300   0.329628
  18.5320   0.155614
  18.5340   0.155391
  18.5360   0.334460
  18.5380   0.484161
  18.5400   0.548537
  18.5420   0.573922
  18.5440   0.585983
  18.5460   0.592406
  18.5480   0.595756
  18.5500   0.598017
  18.5520   0.600142
  18.5540   0.601251
  18.5560   0.601316
  18.5580   0.600673
  18.5600   0.599491
  18.5620   0.597818
  18.5640   0.595633
  18.5660   0.592908
  18.5680   0.589590
  18.5700   0.585550
  18.5720   0.580686
  18.5740   0.574667
  18.5760   0.566118
  18.5780   0.548723
  18.5800   0.503063
  18.5820   0.437414
  18.5840   0.403993
  18.5860   0.334906
  18.5880   0.270156
  18.5900   0.356263
  18.5920   0.454668
  18.5940   0.483063
  18.5960   0.482243
  18.5980   0.473031
  18.6000   0.460067
  18.6020   0.444580
  18.6040   0.426942
  18.6060   0.407201
  18.6080   0.385157
  18.6100   0.360574
  18.6120   0.333112
  18.6140   0.302183
  18.6160   0.266634
  18.6180   0.222984
  18.6200   0.162151
  18.6220    8.45285E-02
  18.6240    3.66375E-02
  18.6260    4.22751E-02
  18.6280    4.96069E-02
  18.6300    3.72050E-02
  18.6320    2.03224E-02
  18.6340    8.25926E-03
  18.6360    2.34832E-03
  18.6380    4.36759E-04
  18.6400    4.69498E-05
  18.6420    2.28057E-06
  18.6440    3.67182E-08
  18.6460  0.
  18.6480  0.
  18.6500  0.
  18.6520    2.55247E-08
  18.6540    1.78695E-06
  18.6560    4.03810E-05
  18.6580    4.00649E-04
  18.6600    2.16783E-03
  18.6620    7.52398E-03
  18.6640    1.86195E-02
  18.6660    3.49378E-02
  18.6680    4.89106E-02
  18.6700    4.86129E-02
  18.6720    5.57916E-02
  18.6740   0.107486
  18.6760   0.173408
  18.6780   0.223694
  18.6800   0.262376
  18.6820   0.295184
  18.6840   0.323933
  18.6860   0.348673
  18.6880   0.367821
  18.6900   0.378181
  18.6920   0.382586
  18.6940   0.371655
  18.6960   0.315081
  18.6980   0.284232
  18.7000   0.357782
  18.7020   0.433822
  18.7040   0.463555
  18.7060   0.469447
  18.7080   0.460237
  18.7100   0.428454
  18.7120   0.352039
  18.7140   0.214421
  18.7160    7.68619E-02
  18.7180    4.46174E-02
  18.7200   0.143191
  18.7220   0.296862
  18.7240   0.401619
  18.7260   0.427393
  18.7280   0.355709
  18.7300   0.227377
  18.7320   0.237496
  18.7340   0.392786
  18.7360   0.507416
  18.7380   0.554188
  18.7400   0.572502
  18.7420   0.577234
  18.7440   0.569740
  18.7460   0.556780
  18.7480   0.533960
  18.7500   0.523993
  18.7520   0.535229
  18.7540   0.489779
  18.7560   0.405971
  18.7580   0.412547
  18.7600   0.512061
  18.7620   0.576589
  18.7640   0.595670
  18.7660   0.598129
  18.7680   0.591840
  18.7700   0.572738
  18.7720   0.525657
  18.7740   0.431788
  18.7760   0.299119
  18.7780   0.180630
  18.7800   0.202223
  18.7820   0.368155
  18.7840   0.505720
  18.7860   0.567778
  18.7880   0.592989
  18.7900   0.603851
  18.7920   0.607965
  18.7940   0.610228
  18.7960   0.608105
  18.7980   0.597394
  18.8000   0.593470
  18.8020   0.603320
  18.8040   0.610049
  18.8060   0.607729
  18.8080   0.593549
  18.8100   0.569402
  18.8120   0.561666
  18.8140   0.581711
  18.8160   0.601343
  18.8180   0.609486
  18.8200   0.611869
  18.8220   0.612206
  18.8240   0.611693
  18.8260   0.610676
  18.8280   0.609239
  18.8300   0.607728
  18.8320   0.606350
  18.8340   0.604796
  18.8360   0.602981
  18.8380   0.600980
  18.8400   0.598811
  18.8420   0.596477
  18.8440   0.593953
  18.8460   0.591042
  18.8480   0.587006
  18.8500   0.579041
  18.8520   0.565164
  18.8540   0.558942
  18.8560   0.566341
  18.8580   0.570974
  18.8600   0.569994
  18.8620   0.567089
  18.8640   0.563540
  18.8660   0.559548
  18.8680   0.555121
  18.8700   0.550166
  18.8720   0.544366
  18.8740   0.536926
  18.8760   0.525831
  18.8780   0.505337
  18.8800   0.457507
  18.8820   0.385766
  18.8840   0.370930
  18.8860   0.401034
  18.8880   0.382269
  18.8900   0.357333
  18.8920   0.390840
  18.8940   0.435143
  18.8960   0.453789
  18.8980   0.454030
  18.9000   0.444808
  18.9020   0.427867
  18.9040   0.398436
  18.9060   0.344217
  18.9080   0.251097
  18.9100   0.127886
  18.9120    4.96259E-02
  18.9140    8.74904E-02
  18.9160   0.199889
  18.9180   0.291401
  18.9200   0.334601
  18.9220   0.349706
  18.9240   0.352300
  18.9260   0.348628
  18.9280   0.341461
  18.9300   0.333063
  18.9320   0.323609
  18.9340   0.312606
  18.9360   0.300550
  18.9380   0.287761
  18.9400   0.274248
  18.9420   0.259980
  18.9440   0.244995
  18.9460   0.229329
  18.9480   0.212851
  18.9500   0.195153
  18.9520   0.174994
  18.9540   0.148892
  18.9560   0.112247
  18.9580    7.75268E-02
  18.9600    7.06629E-02
  18.9620    7.85847E-02
  18.9640    7.84586E-02
  18.9660    6.99652E-02
  18.9680    5.79261E-02
  18.9700    4.48174E-02
  18.9720    3.18025E-02
  18.9740    2.16977E-02
  18.9760    1.59718E-02
  18.9780    1.17145E-02
  18.9800    7.65203E-03
  18.9820    4.41326E-03
  18.9840    2.24748E-03
  18.9860    9.91432E-04
  18.9880    3.63595E-04
  18.9900    9.96513E-05
  18.9920    1.57229E-05
  18.9940    1.02356E-06
  18.9960    2.10317E-08
  18.9980  0.
  19.0000  0.
  19.0020  0.
  19.0040  0.
  19.0060  0.
  19.0080  0.
  19.0100  0.
  19.0120  0.
  19.0140  0.
  19.0160  0.
  19.0180  0.
  19.0200  0.
  19.0220  0.
  19.0240  0.
  19.0260  0.
  19.0280    8.93262E-11
  19.0300    4.83185E-08
  19.0320    1.84187E-06
  19.0340    2.30747E-05
  19.0360    1.25877E-04
  19.0380    4.19316E-04
  19.0400    1.07692E-03
  19.0420    2.30950E-03
  19.0440    4.17248E-03
  19.0460    5.91085E-03
  19.0480    6.09994E-03
  19.0500    8.22113E-03
  19.0520    1.80010E-02
  19.0540    3.10721E-02
  19.0560    4.33396E-02
  19.0580    5.53512E-02
  19.0600    6.76737E-02
  19.0620    8.02977E-02
  19.0640    9.30164E-02
  19.0660   0.105444
  19.0680   0.116678
  19.0700   0.125942
  19.0720   0.134387
  19.0740   0.140339
  19.0760   0.136100
  19.0780   0.111182
  19.0800    6.27614E-02
  19.0820    2.15243E-02
  19.0840    2.62517E-02
  19.0860    8.19822E-02
  19.0880   0.152204
  19.0900   0.202183
  19.0920   0.232490
  19.0940   0.252375
  19.0960   0.266746
  19.0980   0.277425
  19.1000   0.285861
  19.1020   0.292922
  19.1040   0.295685
  19.1060   0.286653
  19.1080   0.252405
  19.1100   0.213065
  19.1120   0.232218
  19.1140   0.284815
  19.1160   0.313500
  19.1180   0.322592
  19.1200   0.329923
  19.1220   0.337229
  19.1240   0.338118
  19.1260   0.330920
  19.1280   0.310732
  19.1300   0.286488
  19.1320   0.301651
  19.1340   0.334023
  19.1360   0.348346
  19.1380   0.351697
  19.1400   0.351677
  19.1420   0.350875
  19.1440   0.349890
  19.1460   0.348144
  19.1480   0.345660
  19.1500   0.342636
  19.1520   0.339140
  19.1540   0.335175
  19.1560   0.330737
  19.1580   0.325818
  19.1600   0.320417
  19.1620   0.314546
  19.1640   0.308222
  19.1660   0.301396
  19.1680   0.294011
  19.1700   0.286089
  19.1720   0.277691
  19.1740   0.268705
  19.1760   0.258938
  19.1780   0.247864
  19.1800   0.235339
  19.1820   0.223955
  19.1840   0.214037
  19.1860   0.202398
  19.1880   0.187760
  19.1900   0.172256
  19.1920   0.160445
  19.1940   0.148998
  19.1960   0.135423
  19.1980   0.120969
  19.2000   0.106287
  19.2020    9.15993E-02
  19.2040    7.72623E-02
  19.2060    6.35675E-02
  19.2080    5.05904E-02
  19.2100    3.86340E-02
  19.2120    2.80677E-02
  19.2140    1.90915E-02
  19.2160    1.18980E-02
  19.2180    6.58858E-03
  19.2200    3.09625E-03
  19.2220    1.14855E-03
  19.2240    2.97099E-04
  19.2260    4.38831E-05
  19.2280    2.86440E-06
  19.2300    6.38125E-08
  19.2320    8.33702E-11
  19.2340  0.
  19.2360  0.
  19.2380  0.
  19.2400  0.
  19.2420  0.
  19.2440  0.
  19.2460  0.
  19.2480  0.
  19.2500  0.
  19.2520  0.
  19.2540  0.
  19.2560  0.
  19.2580    2.23903E-09
  19.2600    2.08574E-07
  19.2620    4.99988E-06
  19.2640    4.24826E-05
  19.2660    1.71048E-04
  19.2680    4.47326E-04
  19.2700    9.14913E-04
  19.2720    1.56766E-03
  19.2740    2.32741E-03
  19.2760    3.06178E-03
  19.2780    3.62227E-03
  19.2800    3.88174E-03
  19.2820    3.75199E-03
  19.2840    3.16819E-03
  19.2860    2.08607E-03
  19.2880    9.13087E-04
  19.2900    4.61732E-04
  19.2920    4.37517E-04
  19.2940    2.87690E-04
  19.2960    1.17631E-04
  19.2980    2.72871E-05
  19.3000    2.69579E-06
  19.3020    8.80119E-08
  19.3040    5.77725E-10
  19.3060  0.
  19.3080  0.
  19.3100  0.
  19.3120  0.
  19.3140  0.
  19.3160  0.
  19.3180  0.
  19.3200  0.
  19.3220  0.
  19.3240  0.
  19.3260  0.
  19.3280  0.
  19.3300  0.
  19.3320  0.
  19.3340  0.
  19.3360  0.
  19.3380  0.
  19.3400  0.
  19.3420  0.
  19.3440  0.
  19.3460  0.
  19.3480  0.
  19.3500  0.
  19.3520  0.
  19.3540  0.
  19.3560  0.
  19.3580  0.
  19.3600  0.
  19.3620  0.
  19.3640    1.18495E-09
  19.3660    1.44232E-07
  19.3680    3.92769E-06
  19.3700    3.78457E-05
  19.3720    1.71902E-04
  19.3740    5.04703E-04
  19.3760    1.12663E-03
  19.3780    1.87007E-03
  19.3800    1.97162E-03
  19.3820    1.38317E-03
  19.3840    3.16819E-03
  19.3860    1.01864E-02
  19.3880    2.02133E-02
  19.3900    3.04055E-02
  19.3920    4.04863E-02
  19.3940    5.06747E-02
  19.3960    6.08816E-02
  19.3980    7.08050E-02
  19.4000    7.98762E-02
  19.4020    8.72300E-02
  19.4040    9.17744E-02
  19.4060    9.11972E-02
  19.4080    8.07821E-02
  19.4100    5.64945E-02
  19.4120    2.53566E-02
  19.4140    5.86326E-03
  19.4160    2.05309E-03
  19.4180    4.91435E-03
  19.4200    8.66603E-03
  19.4220    2.37554E-02
  19.4240    4.62993E-02
  19.4260    4.00473E-02
  19.4280    2.06240E-02
  19.4300    4.19982E-02
  19.4320    1.04555E-01
  19.4340   0.157701
  19.4360   0.174488
  19.4380   0.153710
  19.4400    9.73095E-02
  19.4420    3.54083E-02
  19.4440    1.05517E-02
  19.4460    3.49078E-02
  19.4480   0.107852
  19.4500   0.190832
  19.4520   0.246194
  19.4540   0.271022
  19.4560   0.264362
  19.4580   0.227580
  19.4600   0.221859
  19.4620   0.278566
  19.4640   0.331451
  19.4660   0.357297
  19.4680   0.370488
  19.4700   0.379154
  19.4720   0.385696
  19.4740   0.390761
  19.4760   0.393969
  19.4780   0.395816
  19.4800   0.399722
  19.4820   0.404503
  19.4840   0.407533
  19.4860   0.409355
  19.4880   0.410368
  19.4900   0.410321
  19.4920   0.408368
  19.4940   0.402016
  19.4960   0.385715
  19.4980   0.363807
  19.5000   0.362987
  19.5020   0.382503
  19.5040   0.395146
  19.5060   0.396871
  19.5080   0.393651
  19.5100   0.386948
  19.5120   0.375101
  19.5140   0.360762
  19.5160   0.348688
  19.5180   0.333598
  19.5200   0.306694
  19.5220   0.261777
  19.5240   0.196277
  19.5260   0.123018
  19.5280    5.81751E-02
  19.5300    1.60436E-02
  19.5320    2.03560E-03
  19.5340    2.58561E-04
  19.5360    1.02713E-03
  19.5380    1.02603E-02
  19.5400    4.78513E-02
  19.5420   0.114908
  19.5440   0.178666
  19.5460   0.217450
  19.5480   0.229348
  19.5500   0.213002
  19.5520   0.162622
  19.5540    8.75528E-02
  19.5560    3.89486E-02
  19.5580    6.21633E-02
  19.5600   0.126465
  19.5620   0.170746
  19.5640   0.180586
  19.5660   0.168824
  19.5680   0.145136
  19.5700   0.114306
  19.5720    8.00686E-02
  19.5740    4.72765E-02
  19.5760    2.16002E-02
  19.5780    6.74152E-03
  19.5800    1.23715E-03
  19.5820    1.13618E-04
  19.5840    4.37908E-06
  19.5860    5.07847E-08
  19.5880    6.89485E-09
  19.5900    1.45246E-06
  19.5920    5.86907E-05
  19.5940    8.74291E-04
  19.5960    5.77857E-03
  19.5980    2.03832E-02
  19.6000    4.61000E-02
  19.6020    7.79740E-02
  19.6040   0.109850
  19.6060   0.138422
  19.6080   0.163627
  19.6100   0.184864
  19.6120   0.201485
  19.6140   0.214222
  19.6160   0.223765
  19.6180   0.230593
  19.6200   0.235138
  19.6220   0.237756
  19.6240   0.238696
  19.6260   0.238112
  19.6280   0.236168
  19.6300   0.233219
  19.6320   0.229462
  19.6340   0.224647
  19.6360   0.218638
  19.6380   0.211922
  19.6400   0.205345
  19.6420   0.198327
  19.6440   0.190397
  19.6460   0.181759
  19.6480   0.172474
  19.6500   0.162504
  19.6520   0.151105
  19.6540   0.137385
  19.6560   0.127195
  19.6580   0.120661
  19.6600   0.111783
  19.6620    1.01441E-01
  19.6640    9.09116E-02
  19.6660    8.04874E-02
  19.6680    7.02848E-02
  19.6700    6.03948E-02
  19.6720    5.09469E-02
  19.6740    4.20220E-02
  19.6760    3.37155E-02
  19.6780    2.60922E-02
  19.6800    1.91387E-02
  19.6820    1.27656E-02
  19.6840    6.98437E-03
  19.6860    2.57379E-03
  19.6880    5.74441E-04
  19.6900    3.98778E-04
  19.6920    6.09650E-04
  19.6940    5.34310E-04
  19.6960    3.04968E-04
  19.6980    1.25764E-04
  19.7000    3.31188E-05
  19.7020    4.04825E-06
  19.7040    1.71727E-07
  19.7060    1.80901E-09
  19.7080  0.
  19.7100  0.
  19.7120  0.
  19.7140  0.
  19.7160  0.
  19.7180  0.
  19.7200  0.
  19.7220  0.
  19.7240  0.
  19.7260  0.
  19.7280  0.
  19.7300  0.
  19.7320  0.
  19.7340  0.
  19.7360  0.
  19.7380  0.
  19.7400  0.
  19.7420  0.
  19.7440  0.
  19.7460  0.
  19.7480    2.41539E-09
  19.7500    2.08391E-07
  19.7520    4.74766E-06
  19.7540    3.80699E-05
  19.7560    1.45473E-04
  19.7580    3.79122E-04
  19.7600    8.27015E-04
  19.7620    1.59992E-03
  19.7640    2.80651E-03
  19.7660    4.54450E-03
  19.7680    6.88113E-03
  19.7700    9.84450E-03
  19.7720    1.34281E-02
  19.7740    1.75836E-02
  19.7760    2.21805E-02
  19.7780    2.68391E-02
  19.7800    3.05939E-02
  19.7820    3.34653E-02
  19.7840    3.82673E-02
  19.7860    4.58994E-02
  19.7880    5.39083E-02
  19.7900    6.04303E-02
  19.7920    6.57302E-02
  19.7940    7.01936E-02
  19.7960    7.39257E-02
  19.7980    7.67542E-02
  19.8000    7.83392E-02
  19.8020    7.82254E-02
  19.8040    7.62052E-02
  19.8060    7.33893E-02
  19.8080    6.94504E-02
  19.8100    6.25414E-02
  19.8120    5.23969E-02
  19.8140    3.94143E-02
  19.8160    2.48948E-02
  19.8180    1.19949E-02
  19.8200    3.91184E-03
  19.8220    7.30078E-04
  19.8240    6.41450E-05
  19.8260    3.21962E-06
  19.8280    3.55561E-05
  19.8300    4.70078E-04
  19.8320    2.80529E-03
  19.8340    9.04763E-03
  19.8360    1.86790E-02
  19.8380    2.80116E-02
  19.8400    3.23184E-02
  19.8420    3.20662E-02
  19.8440    3.66163E-02
  19.8460    4.38109E-02
  19.8480    4.55117E-02
  19.8500    4.17762E-02
  19.8520    3.36507E-02
  19.8540    2.40545E-02
  19.8560    2.00606E-02
  19.8580    2.19775E-02
  19.8600    2.28988E-02
  19.8620    2.08519E-02
  19.8640    1.74046E-02
  19.8660    1.37073E-02
  19.8680    1.02608E-02
  19.8700    7.27926E-03
  19.8720    4.86132E-03
  19.8740    3.02660E-03
  19.8760    1.73239E-03
  19.8780    8.95294E-04
  19.8800    4.08104E-04
  19.8820    1.55097E-04
  19.8840    4.05118E-05
  19.8860    5.15720E-06
  19.8880    2.36053E-07
  19.8900    2.85912E-09
  19.8920  0.
  19.8940  0.
  19.8960  0.
  19.8980  0.
  19.9000  0.
  19.9020  0.
  19.9040  0.
  19.9060  0.
  19.9080  0.
  19.9100  0.
  19.9120  0.
  19.9140  0.
  19.9160  0.
  19.9180  0.
  19.9200  0.
  19.9220  0.
  19.9240  0.
  19.9260  0.
  19.9280  0.
  19.9300  0.
  19.9320  0.
  19.9340  0.
  19.9360    7.92033E-09
  19.9380    6.14279E-07
  19.9400    1.36629E-05
  19.9420    1.17398E-04
  19.9440    5.06638E-04
  19.9460    1.41639E-03
  19.9480    3.02964E-03
  19.9500    5.44788E-03
  19.9520    8.68898E-03
  19.9540    1.26557E-02
  19.9560    1.70338E-02
  19.9580    2.10197E-02
  19.9600    2.25295E-02
  19.9620    1.82091E-02
  19.9640    1.03555E-02
  19.9660    6.57487E-03
  19.9680    4.04692E-03
  19.9700    2.02428E-03
  19.9720    2.91833E-03
  19.9740    4.33605E-03
  19.9760    1.53520E-02
  19.9780    4.76858E-02
  19.9800    8.65157E-02
  19.9820   0.116137
  19.9840   0.137467
  19.9860   0.154388
  19.9880   0.168805
  19.9900   0.181372
  19.9920   0.191965
  19.9940   0.198269
  19.9960   0.192321
  19.9980   0.179933
  20.0000   0.192735
  20.0020   0.211929
  20.0040   0.209832
  20.0060   0.184103
  20.0080   0.128989
  20.0100    5.81689E-02
  20.0120    1.72988E-02
  20.0140    3.32909E-02
  20.0160    1.03539E-01
  20.0180   0.188262
  20.0200   0.249291
  20.0220   0.286467
  20.0240   0.310268
  20.0260   0.326962
  20.0280   0.339478
  20.0300   0.349812
  20.0320   0.358720
  20.0340   0.365840
  20.0360   0.370921
  20.0380   0.372646
  20.0400   0.366648
  20.0420   0.347078
  20.0440   0.326800
  20.0460   0.335508
  20.0480   0.365063
  20.0500   0.392557
  20.0520   0.408798
  20.0540   0.415811
  20.0560   0.416308
  20.0580   0.412460
  20.0600   0.415027
  20.0620   0.425271
  20.0640   0.432583
  20.0660   0.437674
  20.0680   0.442245
  20.0700   0.442573
  20.0720   0.434404
  20.0740   0.419483
  20.0760   0.417664
  20.0780   0.434911
  20.0800   0.446455
  20.0820   0.445201
  20.0840   0.450255
  20.0860   0.463893
  20.0880   0.472665
  20.0900   0.476843
  20.0920   0.479565
  20.0940   0.481787
  20.0960   0.483736
  20.0980   0.485493
  20.1000   0.487093
  20.1020   0.488553
  20.1040   0.489854
  20.1060   0.490883
  20.1080   0.491347
  20.1100   0.491512
  20.1120   0.492853
  20.1140   0.494803
  20.1160   0.496107
  20.1180   0.496981
  20.1200   0.497694
  20.1220   0.498306
  20.1240   0.498806
  20.1260   0.499202
  20.1280   0.499469
  20.1300   0.499617
  20.1320   0.499697
  20.1340   0.499656
  20.1360   0.499411
  20.1380   0.498851
  20.1400   0.497489
  20.1420   0.492405
  20.1440   0.471193
  20.1460   0.435189
  20.1480   0.441880
  20.1500   0.476239
  20.1520   0.488168
  20.1540   0.488637
  20.1560   0.490793
  20.1580   0.492899
  20.1600   0.493069
  20.1620   0.492362
  20.1640   0.491326
  20.1660   0.490078
  20.1680   0.488628
  20.1700   0.487048
  20.1720   0.485425
  20.1740   0.483656
  20.1760   0.481670
  20.1780   0.479496
  20.1800   0.477137
  20.1820   0.474563
  20.1840   0.471667
  20.1860   0.468028
  20.1880   0.461941
  20.1900   0.452283
  20.1920   0.447125
  20.1940   0.449478
  20.1960   0.449769
  20.1980   0.446618
  20.2000   0.442151
  20.2020   0.436952
  20.2040   0.430997
  20.2060   0.424510
  20.2080   0.417661
  20.2100   0.409879
  20.2120   0.400826
  20.2140   0.390332
  20.2160   0.378007
  20.2180   0.363217
  20.2200   0.345064
  20.2220   0.322175
  20.2240   0.292404
  20.2260   0.252694
  20.2280   0.199510
  20.2300   0.132466
  20.2320    6.38575E-02
  20.2340    1.82479E-02
  20.2360    2.53877E-03
  20.2380    1.04926E-03
  20.2400    8.86161E-03
  20.2420    3.82439E-02
  20.2440    9.00619E-02
  20.2460   0.143257
  20.2480   0.182545
  20.2500   0.206776
  20.2520   0.219719
  20.2540   0.224898
  20.2560   0.224762
  20.2580   0.220867
  20.2600   0.214202
  20.2620   0.205437
  20.2640   0.195031
  20.2660   0.183287
  20.2680   0.170460
  20.2700   0.156771
  20.2720   0.142390
  20.2740   0.127467
  20.2760   0.112160
  20.2780    9.65526E-02
  20.2800    8.03624E-02
  20.2820    6.26711E-02
  20.2840    4.44790E-02
  20.2860    3.24558E-02
  20.2880    2.68483E-02
  20.2900    2.09312E-02
  20.2920    1.43287E-02
  20.2940    8.77286E-03
  20.2960    4.79142E-03
  20.2980    2.28281E-03
  20.3000    9.15352E-04
  20.3020    2.90632E-04
  20.3040    6.33956E-05
  20.3060    7.10383E-06
  20.3080    2.99455E-07
  20.3100    3.40639E-09
  20.3120  0.
  20.3140  0.
  20.3160  0.
  20.3180  0.
  20.3200  0.
  20.3220  0.
  20.3240  0.
  20.3260  0.
  20.3280  0.
  20.3300  0.
  20.3320  0.
  20.3340  0.
  20.3360  0.
  20.3380  0.
  20.3400  0.
  20.3420    1.69220E-08
  20.3440    1.21231E-06
  20.3460    2.62242E-05
  20.3480    2.30694E-04
  20.3500    1.05756E-03
  20.3520    3.13657E-03
  20.3540    6.99825E-03
  20.3560    1.29250E-02
  20.3580    2.09316E-02
  20.3600    3.08118E-02
  20.3620    4.22123E-02
  20.3640    5.48330E-02
  20.3660    6.86685E-02
  20.3680    8.34490E-02
  20.3700    9.85904E-02
  20.3720   0.113762
  20.3740   0.128821
  20.3760   0.143650
  20.3780   0.158148
  20.3800   0.172202
  20.3820   0.185720
  20.3840   0.198671
  20.3860   0.210993
  20.3880   0.222635
  20.3900   0.233568
  20.3920   0.243722
  20.3940   0.252868
  20.3960   0.260057
  20.3980   0.262004
  20.4000   0.260015
  20.4020   0.268737
  20.4040   0.283550
  20.4060   0.291938
  20.4080   0.295465
  20.4100   0.296042
  20.4120   0.293184
  20.4140   0.285095
  20.4160   0.268128
  20.4180   0.235201
  20.4200   0.176303
  20.4220    9.50973E-02
  20.4240    2.92589E-02
  20.4260    9.52765E-03
  20.4280    3.71697E-02
  20.4300   0.111684
  20.4320   0.197731
  20.4340   0.259643
  20.4360   0.296412
  20.4380   0.318050
  20.4400   0.330134
  20.4420   0.337407
  20.4440   0.347283
  20.4460   0.356773
  20.4480   0.362056
  20.4500   0.364530
  20.4520   0.364907
  20.4540   0.362193
  20.4560   0.352435
  20.4580   0.327379
  20.4600   0.292548
  20.4620   0.288795
  20.4640   0.321539
  20.4660   0.347342
  20.4680   0.352113
  20.4700   0.351495
  20.4720   0.359059
  20.4740   0.363580
  20.4760   0.360605
  20.4780   0.355882
  20.4800   0.356333
  20.4820   0.358415
  20.4840   0.357562
  20.4860   0.354598
  20.4880   0.350086
  20.4900   0.343163
  20.4920   0.329977
  20.4940   0.295889
  20.4960   0.218555
  20.4980   0.153853
  20.5000   0.198234
  20.5020   0.273221
  20.5040   0.304945
  20.5060   0.311841
  20.5080   0.311296
  20.5100   0.308157
  20.5120   0.303741
  20.5140   0.298492
  20.5160   0.292563
  20.5180   0.285992
  20.5200   0.278576
  20.5220   0.269430
  20.5240   0.256375
  20.5260   0.238655
  20.5280   0.224215
  20.5300   0.211001
  20.5320   0.193014
  20.5340   0.190112
  20.5360   0.193451
  20.5380   0.187695
  20.5400   0.178443
  20.5420   0.166956
  20.5440   0.152824
  20.5460   0.136815
  20.5480   0.119318
  20.5500    1.00396E-01
  20.5520    8.02229E-02
  20.5540    5.98515E-02
  20.5560    4.03799E-02
  20.5580    2.31940E-02
  20.5600    1.04467E-02
  20.5620    3.29404E-03
  20.5640    6.26584E-04
  20.5660    6.05479E-05
  20.5680    2.44817E-06
  20.5700    3.05246E-08
  20.5720    1.94624E-07
  20.5740    7.69174E-06
  20.5760    1.06180E-04
  20.5780    6.19219E-04
  20.5800    1.72720E-03
  20.5820    2.53152E-03
  20.5840    2.92569E-03
  20.5860    5.93040E-03
  20.5880    1.23948E-02
  20.5900    1.85858E-02
  20.5920    2.21290E-02
  20.5940    2.32605E-02
  20.5960    2.27585E-02
  20.5980    2.12087E-02
  20.6000    1.90180E-02
  20.6020    1.64868E-02
  20.6040    1.38442E-02
  20.6060    1.12551E-02
  20.6080    8.84665E-03
  20.6100    6.70662E-03
  20.6120    4.88446E-03
  20.6140    3.39890E-03
  20.6160    2.24588E-03
  20.6180    1.39771E-03
  20.6200    8.08549E-04
  20.6220    4.29128E-04
  20.6240    2.07290E-04
  20.6260    8.32382E-05
  20.6280    2.04659E-05
  20.6300    2.10979E-06
  20.6320    7.07653E-08
  20.6340    4.45372E-10
  20.6360  0.
  20.6380  0.
  20.6400  0.
  20.6420  0.
  20.6440  0.
  20.6460  0.
  20.6480  0.
  20.6500  0.
  20.6520  0.
  20.6540  0.
  20.6560  0.
  20.6580  0.
  20.6600  0.
  20.6620  0.
  20.6640  0.
  20.6660  0.
  20.6680  0.
  20.6700  0.
  20.6720  0.
  20.6740  0.
  20.6760  0.
  20.6780  0.
  20.6800  0.
  20.6820  0.
  20.6840  0.
  20.6860  0.
  20.6880  0.
  20.6900    1.77451E-09
  20.6920    1.58915E-07
  20.6940    3.66277E-06
  20.6960    2.88505E-05
  20.6980    1.03722E-04
  20.7000    2.48626E-04
  20.7020    5.06957E-04
  20.7040    9.40399E-04
  20.7060    1.61314E-03
  20.7080    2.58340E-03
  20.7100    3.90447E-03
  20.7120    5.65808E-03
  20.7140    7.93209E-03
  20.7160    1.07241E-02
  20.7180    1.40143E-02
  20.7200    1.77994E-02
  20.7220    2.20598E-02
  20.7240    2.67726E-02
  20.7260    3.18823E-02
  20.7280    3.73130E-02
  20.7300    4.29749E-02
  20.7320    4.87357E-02
  20.7340    5.43500E-02
  20.7360    5.93251E-02
  20.7380    6.24611E-02
  20.7400    6.07559E-02
  20.7420    5.06296E-02
  20.7440    3.97040E-02
  20.7460    4.76096E-02
  20.7480    7.15547E-02
  20.7500    9.26026E-02
  20.7520   0.106115
  20.7540   0.115256
  20.7560   0.122142
  20.7580   0.127513
  20.7600   0.131509
  20.7620   0.134254
  20.7640   0.135845
  20.7660   0.135707
  20.7680   0.133104
  20.7700   0.127356
  20.7720   0.117408
  20.7740    1.01297E-01
  20.7760    7.60903E-02
  20.7780    4.51337E-02
  20.7800    2.27691E-02
  20.7820    9.95380E-03
  20.7840    2.55913E-03
  20.7860    2.93506E-04
  20.7880    2.27924E-05
  20.7900    2.51351E-04
  20.7920    2.53513E-03
  20.7940    1.18364E-02
  20.7960    2.96088E-02
  20.7980    4.39957E-02
  20.8000    4.31207E-02
  20.8020    4.76054E-02
  20.8040    8.18207E-02
  20.8060   0.121286
  20.8080   0.140440
  20.8100   0.136509
  20.8120   0.109386
  20.8140    6.37671E-02
  20.8160    2.25966E-02
  20.8180    8.65765E-03
  20.8200    2.79342E-02
  20.8220    7.97684E-02
  20.8240   0.142190
  20.8260   0.191884
  20.8280   0.225496
  20.8300   0.247890
  20.8320   0.263386
  20.8340   0.274221
  20.8360   0.280757
  20.8380   0.285157
  20.8400   0.292467
  20.8420   0.300196
  20.8440   0.305414
  20.8460   0.309196
  20.8480   0.312303
  20.8500   0.314943
  20.8520   0.317196
  20.8540   0.319084
  20.8560   0.320521
  20.8580   0.321529
  20.8600   0.322656
  20.8620   0.323824
  20.8640   0.324492
  20.8660   0.324585
  20.8680   0.323863
  20.8700   0.321137
  20.8720   0.314228
  20.8740   0.306452
  20.8760   0.304529
  20.8780   0.297401
  20.8800   0.276038
  20.8820   0.247821
  20.8840   0.192339
  20.8860   0.139909
  20.8880   0.181552
  20.8900   0.258315
  20.8920   0.297044
  20.8940   0.310019
  20.8960   0.314531
  20.8980   0.316119
  20.9000   0.316394
  20.9020   0.315945
  20.9040   0.315027
  20.9060   0.313755
  20.9080   0.312153
  20.9100   0.310284
  20.9120   0.308402
  20.9140   0.306489
  20.9160   0.304330
  20.9180   0.301890
  20.9200   0.299152
  20.9220   0.296196
  20.9240   0.293138
  20.9260   0.290033
  20.9280   0.287034
  20.9300   0.283898
  20.9320   0.280397
  20.9340   0.276571
  20.9360   0.272472
  20.9380   0.268106
  20.9400   0.263449
  20.9420   0.258473
  20.9440   0.253153
  20.9460   0.247446
  20.9480   0.241307
  20.9500   0.234679
  20.9520   0.227483
  20.9540   0.219609
  20.9560   0.210938
  20.9580   0.201363
  20.9600   0.190834
  20.9620   0.179209
  20.9640   0.166153
  20.9660   0.151413
  20.9680   0.134670
  20.9700   0.115636
  20.9720    9.49304E-02
  20.9740    7.32664E-02
  20.9760    5.09496E-02
  20.9780    2.99991E-02
  20.9800    1.36913E-02
  20.9820    4.27392E-03
  20.9840    7.82186E-04
  20.9860    7.07041E-05
  20.9880    2.60623E-06
  20.9900    9.51000E-08
  20.9920    4.57726E-06
  20.9940    1.01184E-04
  20.9960    9.43640E-04
  20.9980    4.45561E-03
  21.0000    1.26553E-02
  21.0020    2.52072E-02
  21.0040    3.96340E-02
  21.0060    5.34796E-02
  21.0080    6.53856E-02
  21.0100    7.49059E-02
  21.0120    8.20803E-02
  21.0140    8.71662E-02
  21.0160    9.04888E-02
  21.0180    9.23441E-02
  21.0200    9.29946E-02
  21.0220    9.26625E-02
  21.0240    9.15263E-02
  21.0260    8.97389E-02
  21.0280    8.74201E-02
  21.0300    8.46662E-02
  21.0320    8.15639E-02
  21.0340    7.81885E-02
  21.0360    7.45953E-02
  21.0380    7.08272E-02
  21.0400    6.69408E-02
  21.0420    6.29617E-02
  21.0440    5.88902E-02
  21.0460    5.46949E-02
  21.0480    5.05154E-02
  21.0500    4.66613E-02
  21.0520    4.29609E-02
  21.0540    3.92366E-02
  21.0560    3.55608E-02
  21.0580    3.19962E-02
  21.0600    2.85763E-02
  21.0620    2.53240E-02
  21.0640    2.22482E-02
  21.0660    1.93655E-02
  21.0680    1.66901E-02
  21.0700    1.42264E-02
  21.0720    1.19784E-02
  21.0740    9.95242E-03
  21.0760    8.14986E-03
  21.0780    6.56487E-03
  21.0800    5.19310E-03
  21.0820    4.02656E-03
  21.0840    3.05195E-03
  21.0860    2.25388E-03
  21.0880    1.61654E-03
  21.0900    1.12164E-03
  21.0920    7.48420E-04
  21.0940    4.77221E-04
  21.0960    2.88419E-04
  21.0980    1.62275E-04
  21.1000    7.76571E-05
  21.1020    2.35858E-05
  21.1040    3.08219E-06
  21.1060    1.32056E-07
  21.1080    1.38714E-09
  21.1100  0.
  21.1120  0.
  21.1140  0.
  21.1160  0.
  21.1180  0.
  21.1200  0.
  21.1220  0.
  21.1240  0.
  21.1260  0.
  21.1280  0.
  21.1300  0.
  21.1320  0.
  21.1340  0.
  21.1360  0.
  21.1380  0.
  21.1400  0.
  21.1420  0.
  21.1440  0.
  21.1460  0.
  21.1480  0.
  21.1500  0.
  21.1520  0.
  21.1540  0.
  21.1560  0.
  21.1580  0.
  21.1600  0.
  21.1620  0.
  21.1640  0.
  21.1660  0.
  21.1680  0.
  21.1700  0.
  21.1720  0.
  21.1740  0.
  21.1760  0.
  21.1780  0.
  21.1800  0.
  21.1820  0.
  21.1840  0.
  21.1860  0.
  21.1880  0.
  21.1900  0.
  21.1920  0.
  21.1940  0.
  21.1960  0.
  21.1980  0.
  21.2000  0.
  21.2020  0.
  21.2040  0.
  21.2060  0.
  21.2080  0.
  21.2100  0.
  21.2120  0.
  21.2140  0.
  21.2160  0.
  21.2180    3.45713E-10
  21.2200    8.01804E-08
  21.2220    2.55972E-06
  21.2240    2.63819E-05
  21.2260    1.08715E-04
  21.2280    2.46036E-04
  21.2300    4.15342E-04
  21.2320    6.10191E-04
  21.2340    8.05386E-04
  21.2360    9.86306E-04
  21.2380    1.21334E-03
  21.2400    1.41359E-03
  21.2420    1.41732E-03
  21.2440    1.16282E-03
  21.2460    7.10410E-04
  21.2480    2.76220E-04
  21.2500    5.55651E-05
  21.2520    4.61260E-06
  21.2540    5.77081E-07
  21.2560    1.04526E-05
  21.2580    7.83912E-05
  21.2600    2.02248E-04
  21.2620    1.97561E-04
  21.2640    3.24612E-04
  21.2660    1.85594E-03
  21.2680    6.03318E-03
  21.2700    1.17851E-02
  21.2720    1.71329E-02
  21.2740    2.13943E-02
  21.2760    2.50634E-02
  21.2780    2.85093E-02
  21.2800    3.09523E-02
  21.2820    3.13899E-02
  21.2840    2.84353E-02
  21.2860    2.04373E-02
  21.2880    9.54901E-03
  21.2900    3.69473E-03
  21.2920    8.23519E-03
  21.2940    2.11564E-02
  21.2960    3.42071E-02
  21.2980    4.24067E-02
  21.3000    4.64386E-02
  21.3020    4.77948E-02
  21.3040    4.72362E-02
  21.3060    4.49976E-02
  21.3080    4.09887E-02
  21.3100    3.48435E-02
  21.3120    2.61192E-02
  21.3140    1.57687E-02
  21.3160    7.99770E-03
  21.3180    5.43985E-03
  21.3200    4.53475E-03
  21.3220    2.68992E-03
  21.3240    1.00938E-03
  21.3260    2.28815E-04
  21.3280    2.62458E-05
  21.3300    1.20128E-06
  21.3320    1.65174E-08
  21.3340    1.33253E-09
  21.3360    2.18180E-07
  21.3380    7.18939E-06
  21.3400    8.49242E-05
  21.3420    4.51569E-04
  21.3440    1.32967E-03
  21.3460    2.53760E-03
  21.3480    3.48432E-03
  21.3500    3.66240E-03
  21.3520    3.05337E-03
  21.3540    2.03283E-03
  21.3560    1.03488E-03
  21.3580    3.73102E-04
  21.3600    8.34581E-05
  21.3620    9.19214E-06
  21.3640    3.83281E-07
  21.3660    4.41052E-09
  21.3680  0.
  21.3700  0.
  21.3720  0.
  21.3740  0.
  21.3760    1.88418E-09
  21.3780    2.38843E-07
  21.3800    7.18397E-06
  21.3820    8.13134E-05
  21.3840    4.48754E-04
  21.3860    1.53425E-03
  21.3880    3.93919E-03
  21.3900    8.20521E-03
  21.3920    1.40112E-02
  21.3940    2.11639E-02
  21.3960    2.97918E-02
  21.3980    3.81973E-02
  21.4000    4.45414E-02
  21.4020    4.71942E-02
  21.4040    4.35056E-02
  21.4060    3.11554E-02
  21.4080    1.44228E-02
  21.4100    5.18646E-03
  21.4120    7.84755E-03
  21.4140    1.29486E-02
  21.4160    1.07027E-02
  21.4180    4.43245E-03
  21.4200    8.62069E-04
  21.4220    7.24846E-05
  21.4240    8.74576E-05
  21.4260    1.19478E-03
  21.4280    7.32978E-03
  21.4300    2.36429E-02
  21.4320    4.85091E-02
  21.4340    7.38878E-02
  21.4360    9.16236E-02
  21.4380    1.01520E-01
  21.4400   0.117113
  21.4420   0.137103
  21.4440   0.149529
  21.4460   0.154341
  21.4480   0.153726
  21.4500   0.148144
  21.4520   0.135580
  21.4540   0.112906
  21.4560    7.90278E-02
  21.4580    4.04812E-02
  21.4600    1.25506E-02
  21.4620    2.18465E-03
  21.4640    3.23707E-03
  21.4660    1.74821E-02
  21.4680    5.12389E-02
  21.4700    9.50640E-02
  21.4720   0.133282
  21.4740   0.159629
  21.4760   0.176751
  21.4780   0.185816
  21.4800   0.185979
  21.4820   0.191263
  21.4840   0.207748
  21.4860   0.222448
  21.4880   0.230628
  21.4900   0.235310
  21.4920   0.238475
  21.4940   0.240797
  21.4960   0.242548
  21.4980   0.243863
  21.5000   0.244820
  21.5020   0.245481
  21.5040   0.245878
  21.5060   0.246038
  21.5080   0.245978
  21.5100   0.245681
  21.5120   0.245103
  21.5140   0.244117
  21.5160   0.242191
  21.5180   0.237081
  21.5200   0.225936
  21.5220   0.218848
  21.5240   0.225114
  21.5260   0.229385
  21.5280   0.222747
  21.5300   0.200055
  21.5320   0.170857
  21.5340   0.175643
  21.5360   0.203415
  21.5380   0.218103
  21.5400   0.221114
  21.5420   0.220185
  21.5440   0.217765
  21.5460   0.214428
  21.5480   0.210278
  21.5500   0.205221
  21.5520   0.199024
  21.5540   0.191278
  21.5560   0.181296
  21.5580   0.167996
  21.5600   0.149992
  21.5620   0.125337
  21.5640    9.17355E-02
  21.5660    5.19724E-02
  21.5680    1.89893E-02
  21.5700    3.69855E-03
  21.5720    1.44751E-03
  21.5740    7.29724E-03
  21.5760    1.95523E-02
  21.5780    2.83110E-02
  21.5800    4.21459E-02
  21.5820    7.07866E-02
  21.5840    9.64180E-02
  21.5860   0.118370
  21.5880   0.130755
  21.5900   0.129969
  21.5920   0.129042
  21.5940   0.135472
  21.5960   0.141847
  21.5980   0.143859
  21.6000   0.143098
  21.6020   0.141006
  21.6040   0.138159
  21.6060   0.134772
  21.6080   0.130912
  21.6100   0.126602
  21.6120   0.122100
  21.6140   0.117583
  21.6160   0.112704
  21.6180   0.107576
  21.6200    1.02509E-01
  21.6220    9.71619E-02
  21.6240    9.13231E-02
  21.6260    8.49598E-02
  21.6280    7.84084E-02
  21.6300    7.22256E-02
  21.6320    6.59562E-02
  21.6340    5.92507E-02
  21.6360    5.22882E-02
  21.6380    4.52180E-02
  21.6400    3.81356E-02
  21.6420    3.11493E-02
  21.6440    2.44375E-02
  21.6460    1.81835E-02
  21.6480    1.26111E-02
  21.6500    7.96170E-03
  21.6520    4.42730E-03
  21.6540    2.06876E-03
  21.6560    7.59672E-04
  21.6580    1.98289E-04
  21.6600    3.02338E-05
  21.6620    2.03544E-06
  21.6640    4.60930E-08
  21.6660  0.
  21.6680  0.
  21.6700  0.
  21.6720  0.
  21.6740  0.
  21.6760  0.
  21.6780    2.48460E-08
  21.6800    1.20816E-06
  21.6820    1.87991E-05
  21.6840    1.19615E-04
  21.6860    4.17492E-04
  21.6880    1.01532E-03
  21.6900    1.94505E-03
  21.6920    3.12887E-03
  21.6940    4.41210E-03
  21.6960    5.61599E-03
  21.6980    6.54707E-03
  21.7000    6.96889E-03
  21.7020    6.51491E-03
  21.7040    4.76884E-03
  21.7060    2.21851E-03
  21.7080    6.98112E-04
  21.7100    1.33002E-03
  21.7120    3.73012E-03
  21.7140    6.16721E-03
  21.7160    7.47814E-03
  21.7180    7.86592E-03
  21.7200    7.75751E-03
  21.7220    7.39263E-03
  21.7240    6.88826E-03
  21.7260    6.31235E-03
  21.7280    5.70944E-03
  21.7300    5.10096E-03
  21.7320    4.50070E-03
  21.7340    3.92277E-03
  21.7360    3.37708E-03
  21.7380    2.86783E-03
  21.7400    2.39702E-03
  21.7420    1.96183E-03
  21.7440    1.55531E-03
  21.7460    1.16312E-03
  21.7480    8.14158E-04
  21.7500    6.17532E-04
  21.7520    5.37410E-04
  21.7540    4.50211E-04
  21.7560    3.47980E-04
  21.7580    2.56029E-04
  21.7600    1.82062E-04
  21.7620    1.25425E-04
  21.7640    8.14868E-05
  21.7660    4.15699E-05
  21.7680    1.12091E-05
  21.7700    1.11983E-06
  21.7720    3.39381E-08
  21.7740    1.01403E-10
  21.7760  0.
  21.7780  0.
  21.7800  0.
  21.7820  0.
  21.7840  0.
  21.7860  0.
  21.7880  0.
  21.7900  0.
  21.7920  0.
  21.7940  0.
  21.7960  0.
  21.7980  0.
  21.8000  0.
  21.8020  0.
  21.8040  0.
  21.8060  0.
  21.8080  0.
  21.8100  0.
  21.8120  0.
  21.8140  0.
  21.8160  0.
  21.8180  0.
  21.8200  0.
  21.8220  0.
  21.8240  0.
  21.8260  0.
  21.8280  0.
  21.8300  0.
  21.8320  0.
  21.8340  0.
  21.8360  0.
  21.8380  0.
  21.8400  0.
  21.8420  0.
  21.8440  0.
  21.8460  0.
  21.8480  0.
  21.8500  0.
  21.8520  0.
  21.8540  0.
  21.8560  0.
  21.8580  0.
  21.8600  0.
  21.8620  0.
  21.8640  0.
  21.8660  0.
  21.8680  0.
  21.8700  0.
  21.8720  0.
  21.8740  0.
  21.8760  0.
  21.8780  0.
  21.8800  0.
  21.8820  0.
  21.8840  0.
  21.8860  0.
  21.8880  0.
  21.8900  0.
  21.8920  0.
  21.8940  0.
  21.8960  0.
  21.8980  0.
  21.9000  0.
  21.9020  0.
  21.9040  0.
  21.9060  0.
  21.9080  0.
  21.9100  0.
  21.9120  0.
  21.9140  0.
  21.9160  0.
  21.9180  0.
  21.9200  0.
  21.9220  0.
  21.9240  0.
  21.9260  0.
  21.9280  0.
  21.9300    6.35108E-10
  21.9320    7.86705E-08
  21.9340    1.99725E-06
  21.9360    1.57757E-05
  21.9380    4.85489E-05
  21.9400    8.46719E-05
  21.9420    1.19060E-04
  21.9440    1.51705E-04
  21.9460    1.70154E-04
  21.9480    1.51699E-04
  21.9500    8.81430E-05
  21.9520    2.55163E-05
  21.9540    1.20961E-05
  21.9560    8.36145E-05
  21.9580    3.25983E-04
  21.9600    7.31766E-04
  21.9620    1.18978E-03
  21.9640    1.62272E-03
  21.9660    1.99580E-03
  21.9680    2.26633E-03
  21.9700    2.34754E-03
  21.9720    2.09634E-03
  21.9740    1.42234E-03
  21.9760    6.00476E-04
  21.9780    1.42556E-04
  21.9800    2.14340E-04
  21.9820    1.02209E-03
  21.9840    2.68593E-03
  21.9860    4.62344E-03
  21.9880    6.29337E-03
  21.9900    7.60801E-03
  21.9920    8.65090E-03
  21.9940    9.49915E-03
  21.9960    1.01973E-02
  21.9980    1.07671E-02
  22.0000    1.12192E-02
  22.0020    1.15581E-02
  22.0040    1.17828E-02
  22.0060    1.18906E-02
  22.0080    1.18776E-02
  22.0100    1.17388E-02
  22.0120    1.14700E-02
  22.0140    1.10649E-02
  22.0160    1.05139E-02
  22.0180    9.80248E-03
  22.0200    8.91133E-03
  22.0220    7.80268E-03
  22.0240    6.37782E-03
  22.0260    4.53596E-03
  22.0280    2.47681E-03
  22.0300    1.01619E-03
  22.0320    7.99989E-04
  22.0340    1.36728E-03
  22.0360    1.79764E-03
  22.0380    1.75841E-03
  22.0400    1.43934E-03
  22.0420    1.05118E-03
  22.0440    6.98770E-04
  22.0460    4.22298E-04
  22.0480    2.28097E-04
  22.0500    1.01961E-04
  22.0520    2.93858E-05
  22.0540    3.78291E-06
  22.0560    1.64630E-07
  22.0580    1.80194E-09
  22.0600  0.
  22.0620  0.
  22.0640  0.
  22.0660  0.
  22.0680  0.
  22.0700  0.
  22.0720  0.
  22.0740  0.
  22.0760  0.
  22.0780  0.
  22.0800  0.
  22.0820  0.
  22.0840  0.
  22.0860  0.
  22.0880  0.
  22.0900  0.
  22.0920  0.
  22.0940  0.
  22.0960  0.
  22.0980  0.
  22.1000  0.
  22.1020  0.
  22.1040    1.72398E-08
  22.1060    7.72265E-07
  22.1080    1.04492E-05
  22.1100    5.33103E-05
  22.1120    1.44135E-04
  22.1140    2.88973E-04
  22.1160    4.97297E-04
  22.1180    7.54743E-04
  22.1200    1.01268E-03
  22.1220    1.18853E-03
  22.1240    1.18805E-03
  22.1260    9.61584E-04
  22.1280    5.79115E-04
  22.1300    2.27974E-04
  22.1320    4.85716E-05
  22.1340    4.42564E-06
  22.1360    1.39258E-07
  22.1380    1.69223E-08
  22.1400    1.30367E-06
  22.1420    3.12662E-05
  22.1440    2.99793E-04
  22.1460    1.44561E-03
  22.1480    4.27857E-03
  22.1500    9.05656E-03
  22.1520    1.53397E-02
  22.1540    2.24766E-02
  22.1560    2.99551E-02
  22.1580    3.74103E-02
  22.1600    4.46704E-02
  22.1620    5.16452E-02
  22.1640    5.82805E-02
  22.1660    6.45489E-02
  22.1680    7.04496E-02
  22.1700    7.59640E-02
  22.1720    8.10710E-02
  22.1740    8.57524E-02
  22.1760    8.99718E-02
  22.1780    9.36694E-02
  22.1800    9.67652E-02
  22.1820    9.91416E-02
  22.1840    1.00606E-01
  22.1860    1.00870E-01
  22.1880    9.95069E-02
  22.1900    9.59873E-02
  22.1920    8.95400E-02
  22.1940    7.87747E-02
  22.1960    6.22347E-02
  22.1980    4.04050E-02
  22.2000    1.86763E-02
  22.2020    5.10169E-03
  22.2040    7.51759E-04
  22.2060    1.15163E-03
  22.2080    7.28135E-03
  22.2100    2.40394E-02
  22.2120    4.85880E-02
  22.2140    7.30946E-02
  22.2160    9.36968E-02
  22.2180   0.108552
  22.2200   0.117428
  22.2220   0.120613
  22.2240   0.117471
  22.2260   0.106305
  22.2280    8.75012E-02
  22.2300    6.30393E-02
  22.2320    3.43616E-02
  22.2340    1.63736E-02
  22.2360    2.05946E-02
  22.2380    3.95794E-02
  22.2400    4.97411E-02
  22.2420    3.54042E-02
  22.2440    1.93843E-02
  22.2460    3.44440E-02
  22.2480    7.69105E-02
  22.2500   0.117360
  22.2520   0.142613
  22.2540   0.156718
  22.2560   0.164833
  22.2580   0.169464
  22.2600   0.171903
  22.2620   0.173922
  22.2640   0.176275
  22.2660   0.177930
  22.2680   0.178598
  22.2700   0.178524
  22.2720   0.177730
  22.2740   0.175722
  22.2760   0.170338
  22.2780   0.157382
  22.2800   0.144267
  22.2820   0.149505
  22.2840   0.161821
  22.2860   0.166630
  22.2880   0.166624
  22.2900   0.165033
  22.2920   0.162772
  22.2940   0.160085
  22.2960   0.157054
  22.2980   0.153699
  22.3000   0.150010
  22.3020   0.145958
  22.3040   0.141470
  22.3060   0.136390
  22.3080   0.130709
  22.3100   0.124751
  22.3120   0.117998
  22.3140   0.108619
  22.3160    9.79522E-02
  22.3180    9.22796E-02
  22.3200    9.06711E-02
  22.3220    8.70610E-02
  22.3240    8.08357E-02
  22.3260    7.32944E-02
  22.3280    6.50675E-02
  22.3300    5.65700E-02
  22.3320    4.79491E-02
  22.3340    3.90757E-02
  22.3360    2.99837E-02
  22.3380    2.09042E-02
  22.3400    1.23014E-02
  22.3420    5.28584E-03
  22.3440    1.33815E-03
  22.3460    1.58922E-04
  22.3480    7.29344E-06
  22.3500    9.94195E-08
  22.3520  0.
  22.3540  0.
  22.3560  0.
  22.3580  0.
  22.3600  0.
  22.3620  0.
  22.3640  0.
  22.3660  0.
  22.3680  0.
  22.3700  0.
  22.3720  0.
  22.3740  0.
  22.3760  0.
  22.3780  0.
  22.3800  0.
  22.3820  0.
  22.3840  0.
  22.3860  0.
  22.3880  0.
  22.3900  0.
  22.3920  0.
  22.3940  0.
  22.3960  0.
  22.3980  0.
  22.4000  0.
  22.4020  0.
  22.4040  0.
  22.4060  0.
  22.4080    5.64077E-10
  22.4100    1.13906E-07
  22.4120    4.39719E-06
  22.4140    6.04761E-05
  22.4160    3.72359E-04
  22.4180    1.28991E-03
  22.4200    3.06759E-03
  22.4220    5.74727E-03
  22.4240    9.18816E-03
  22.4260    1.31273E-02
  22.4280    1.72232E-02
  22.4300    2.10381E-02
  22.4320    2.40923E-02
  22.4340    2.66042E-02
  22.4360    2.99839E-02
  22.4380    3.43735E-02
  22.4400    3.83318E-02
  22.4420    4.13066E-02
  22.4440    4.34959E-02
  22.4460    4.50917E-02
  22.4480    4.61875E-02
  22.4500    4.68384E-02
  22.4520    4.70817E-02
  22.4540    4.69460E-02
  22.4560    4.64553E-02
  22.4580    4.56256E-02
  22.4600    4.44522E-02
  22.4620    4.28293E-02
  22.4640    4.05213E-02
  22.4660    3.82001E-02
  22.4680    3.67957E-02
  22.4700    3.52495E-02
  22.4720    3.30773E-02
  22.4740    3.05490E-02
  22.4760    2.77012E-02
  22.4780    2.44906E-02
  22.4800    2.09532E-02
  22.4820    1.69108E-02
  22.4840    1.38498E-02
  22.4860    1.31627E-02
  22.4880    1.25220E-02
  22.4900    1.09482E-02
  22.4920    9.07495E-03
  22.4940    7.25648E-03
  22.4960    5.60459E-03
  22.4980    4.17500E-03
  22.5000    2.98543E-03
  22.5020    2.02919E-03
  22.5040    1.29678E-03
  22.5060    7.68261E-04
  22.5080    4.14189E-04
  22.5100    1.96310E-04
  22.5120    7.24212E-05
  22.5140    1.51998E-05
  22.5160    1.26988E-06
  22.5180    3.32041E-08
  22.5200  0.
  22.5220  0.
  22.5240  0.
  22.5260  0.
  22.5280  0.
  22.5300  0.
  22.5320  0.
  22.5340  0.
  22.5360  0.
  22.5380  0.
  22.5400  0.
  22.5420  0.
  22.5440  0.
  22.5460  0.
  22.5480  0.
  22.5500  0.
  22.5520  0.
  22.5540  0.
  22.5560  0.
  22.5580  0.
  22.5600  0.
  22.5620  0.
  22.5640  0.
  22.5660  0.
  22.5680  0.
  22.5700  0.
  22.5720  0.
  22.5740  0.
  22.5760  0.
  22.5780  0.
  22.5800  0.
  22.5820  0.
  22.5840  0.
  22.5860  0.
  22.5880  0.
  22.5900  0.
  22.5920  0.
  22.5940  0.
  22.5960  0.
  22.5980  0.
  22.6000  0.
  22.6020  0.
  22.6040  0.
  22.6060  0.
  22.6080  0.
  22.6100  0.
  22.6120  0.
  22.6140  0.
  22.6160  0.
  22.6180  0.
  22.6200  0.
  22.6220  0.
  22.6240  0.
  22.6260  0.
  22.6280  0.
  22.6300  0.
  22.6320  0.
  22.6340  0.
  22.6360  0.
  22.6380  0.
  22.6400  0.
  22.6420  0.
  22.6440  0.
  22.6460  0.
  22.6480  0.
  22.6500  0.
  22.6520  0.
  22.6540  0.
  22.6560  0.
  22.6580  0.
  22.6600  0.
  22.6620  0.
  22.6640  0.
  22.6660  0.
  22.6680  0.
  22.6700  0.
  22.6720  0.
  22.6740  0.
  22.6760    2.90567E-08
  22.6780    1.05309E-06
  22.6800    1.15853E-05
  22.6820    4.80824E-05
  22.6840    1.07657E-04
  22.6860    1.89433E-04
  22.6880    3.08912E-04
  22.6900    4.80528E-04
  22.6920    7.17158E-04
  22.6940    1.03170E-03
  22.6960    1.43864E-03
  22.6980    1.95116E-03
  22.7000    2.57935E-03
  22.7020    3.33303E-03
  22.7040    4.22112E-03
  22.7060    5.24935E-03
  22.7080    6.42039E-03
  22.7100    7.73830E-03
  22.7120    9.20250E-03
  22.7140    1.08090E-02
  22.7160    1.25557E-02
  22.7180    1.44387E-02
  22.7200    1.64497E-02
  22.7220    1.85781E-02
  22.7240    2.08172E-02
  22.7260    2.31525E-02
  22.7280    2.55652E-02
  22.7300    2.80332E-02
  22.7320    3.05130E-02
  22.7340    3.28864E-02
  22.7360    3.49353E-02
  22.7380    3.67640E-02
  22.7400    3.92363E-02
  22.7420    4.25338E-02
  22.7440    4.59204E-02
  22.7460    4.90703E-02
  22.7480    5.19152E-02
  22.7500    5.44679E-02
  22.7520    5.67271E-02
  22.7540    5.85724E-02
  22.7560    5.97256E-02
  22.7580    5.95689E-02
  22.7600    5.66040E-02
  22.7620    4.76456E-02
  22.7640    3.00797E-02
  22.7660    1.18221E-02
  22.7680    8.92823E-03
  22.7700    2.57223E-02
  22.7720    4.95745E-02
  22.7740    6.71008E-02
  22.7760    7.72915E-02
  22.7780    8.35420E-02
  22.7800    8.78844E-02
  22.7820    9.11982E-02
  22.7840    9.38769E-02
  22.7860    9.61125E-02
  22.7880    9.79955E-02
  22.7900    9.95698E-02
  22.7920    1.00888E-01
  22.7940    1.01982E-01
  22.7960    1.02800E-01
  22.7980    1.03282E-01
  22.8000    1.03359E-01
  22.8020    1.02917E-01
  22.8040    1.01744E-01
  22.8060    9.94239E-02
  22.8080    9.51115E-02
  22.8100    8.72246E-02
  22.8120    7.34025E-02
  22.8140    5.40942E-02
  22.8160    3.98620E-02
  22.8180    4.05162E-02
  22.8200    4.82451E-02
  22.8220    5.61464E-02
  22.8240    6.53170E-02
  22.8260    7.13250E-02
  22.8280    6.95937E-02
  22.8300    5.88709E-02
  22.8320    4.01592E-02
  22.8340    2.18121E-02
  22.8360    1.75946E-02
  22.8380    3.04333E-02
  22.8400    4.84457E-02
  22.8420    6.10106E-02
  22.8440    6.68891E-02
  22.8460    6.85186E-02
  22.8480    6.77686E-02
  22.8500    6.56271E-02
  22.8520    6.26370E-02
  22.8540    5.90719E-02
  22.8560    5.50467E-02
  22.8580    5.06710E-02
  22.8600    4.60446E-02
  22.8620    4.12383E-02
  22.8640    3.63142E-02
  22.8660    3.13345E-02
  22.8680    2.63453E-02
  22.8700    2.13479E-02
  22.8720    1.64348E-02
  22.8740    1.21178E-02
  22.8760    9.00467E-03
  22.8780    6.75979E-03
  22.8800    4.78852E-03
  22.8820    3.07872E-03
  22.8840    1.77804E-03
  22.8860    9.09524E-04
  22.8880    4.01074E-04
  22.8900    1.42039E-04
  22.8920    3.25664E-05
  22.8940    3.44875E-06
  22.8960    1.26326E-07
  22.8980    1.09763E-09
  22.9000  0.
  22.9020  0.
  22.9040  0.
  22.9060  0.
  22.9080  0.
  22.9100  0.
  22.9120  0.
  22.9140  0.
  22.9160  0.
  22.9180  0.
  22.9200  0.
  22.9220  0.
  22.9240  0.
  22.9260  0.
  22.9280  0.
  22.9300    1.38224E-08
  22.9320    7.14050E-07
  22.9340    1.12280E-05
  22.9360    6.80241E-05
  22.9380    2.21479E-04
  22.9400    5.28355E-04
  22.9420    1.06529E-03
  22.9440    1.89650E-03
  22.9460    3.04456E-03
  22.9480    4.48392E-03
  22.9500    6.15106E-03
  22.9520    7.95371E-03
  22.9540    9.77860E-03
  22.9560    1.14963E-02
  22.9580    1.29744E-02
  22.9600    1.40855E-02
  22.9620    1.46946E-02
  22.9640    1.46431E-02
  22.9660    1.37240E-02
  22.9680    1.19663E-02
  22.9700    1.01789E-02
  22.9720    8.76506E-03
  22.9740    7.06334E-03
  22.9760    5.03221E-03
  22.9780    3.05990E-03
  22.9800    1.47907E-03
  22.9820    5.11189E-04
  22.9840    1.07962E-04
  22.9860    1.11929E-05
  22.9880    4.44407E-07
  22.9900    4.82492E-09
  22.9920  0.
  22.9940  0.
  22.9960  0.
  22.9980  0.
  23.0000  0.
  23.0020  0.
  23.0040    6.87854E-10
  23.0060    1.16076E-07
  23.0080    3.92799E-06
  23.0100    4.77357E-05
  23.0120    2.75943E-04
  23.0140    9.83953E-04
  23.0160    2.56090E-03
  23.0180    5.31182E-03
  23.0200    9.31494E-03
  23.0220    1.44428E-02
  23.0240    2.04171E-02
  23.0260    2.69375E-02
  23.0280    3.37037E-02
  23.0300    4.04867E-02
  23.0320    4.70862E-02
  23.0340    5.33508E-02
  23.0360    5.91682E-02
  23.0380    6.43858E-02
  23.0400    6.87570E-02
  23.0420    7.14386E-02
  23.0440    6.90232E-02
  23.0460    5.43650E-02
  23.0480    3.81314E-02
  23.0500    5.05166E-02
  23.0520    7.52258E-02
  23.0540    8.82592E-02
  23.0560    9.35402E-02
  23.0580    9.63204E-02
  23.0600    9.80548E-02
  23.0620    9.91253E-02
  23.0640    9.98856E-02
  23.0660    1.00560E-01
  23.0680    1.00964E-01
  23.0700    1.00982E-01
  23.0720    1.00677E-01
  23.0740    1.00101E-01
  23.0760    9.92693E-02
  23.0780    9.81772E-02
  23.0800    9.68154E-02
  23.0820    9.52243E-02
  23.0840    9.35665E-02
  23.0860    9.18617E-02
  23.0880    8.99442E-02
  23.0900    8.77873E-02
  23.0920    8.54283E-02
  23.0940    8.28913E-02
  23.0960    8.01769E-02
  23.0980    7.72971E-02
  23.1000    7.43071E-02
  23.1020    7.12231E-02
  23.1040    6.80104E-02
  23.1060    6.46586E-02
  23.1080    6.11874E-02
  23.1100    5.76041E-02
  23.1120    5.38829E-02
  23.1140    4.99517E-02
  23.1160    4.55992E-02
  23.1180    4.08299E-02
  23.1200    3.67319E-02
  23.1220    3.39733E-02
  23.1240    3.13198E-02
  23.1260    2.81416E-02
  23.1280    2.46478E-02
  23.1300    2.09480E-02
  23.1320    1.73936E-02
  23.1340    1.46678E-02
  23.1360    1.25751E-02
  23.1380    1.04966E-02
  23.1400    8.42849E-03
  23.1420    6.54185E-03
  23.1440    4.90691E-03
  23.1460    3.54572E-03
  23.1480    2.45305E-03
  23.1500    1.61347E-03
  23.1520    1.00029E-03
  23.1540    5.77502E-04
  23.1560    3.06047E-04
  23.1580    1.42843E-04
  23.1600    4.95343E-05
  23.1620    8.89755E-06
  23.1640    5.90891E-07
  23.1660    1.16137E-08
  23.1680  0.
  23.1700  0.
  23.1720  0.
  23.1740  0.
  23.1760  0.
  23.1780  0.
  23.1800  0.
  23.1820  0.
  23.1840  0.
  23.1860  0.
  23.1880  0.
  23.1900  0.
  23.1920  0.
  23.1940  0.
  23.1960  0.
  23.1980  0.
  23.2000  0.
  23.2020  0.
  23.2040  0.
  23.2060  0.
  23.2080  0.
  23.2100  0.
  23.2120  0.
  23.2140  0.
  23.2160  0.
  23.2180  0.
  23.2200    4.14167E-10
  23.2220    7.05124E-08
  23.2240    2.06408E-06
  23.2260    1.93983E-05
  23.2280    7.59991E-05
  23.2300    1.80139E-04
  23.2320    3.47158E-04
  23.2340    5.97470E-04
  23.2360    9.20896E-04
  23.2380    1.25809E-03
  23.2400    1.59903E-03
  23.2420    2.22212E-03
  23.2440    3.41649E-03
  23.2460    4.97234E-03
  23.2480    6.49802E-03
  23.2500    7.57746E-03
  23.2520    7.82557E-03
  23.2540    8.23949E-03
  23.2560    1.08557E-02
  23.2580    1.49453E-02
  23.2600    1.86405E-02
  23.2620    2.16564E-02
  23.2640    2.42041E-02
  23.2660    2.62454E-02
  23.2680    2.74665E-02
  23.2700    2.79222E-02
  23.2720    2.91774E-02
  23.2740    3.25603E-02
  23.2760    3.67281E-02
  23.2780    4.01949E-02
  23.2800    4.28796E-02
  23.2820    4.50532E-02
  23.2840    4.68654E-02
  23.2860    4.83708E-02
  23.2880    4.95675E-02
  23.2900    5.04313E-02
  23.2920    5.09140E-02
  23.2940    5.09445E-02
  23.2960    5.04204E-02
  23.2980    4.92002E-02
  23.3000    4.70828E-02
  23.3020    4.37990E-02
  23.3040    3.89939E-02
  23.3060    3.23086E-02
  23.3080    2.36807E-02
  23.3100    1.40608E-02
  23.3120    5.95411E-03
  23.3140    1.53854E-03
  23.3160    2.06802E-04
  23.3180    1.62051E-05
  23.3200    1.03908E-04
  23.3220    1.02895E-03
  23.3240    4.79941E-03
  23.3260    1.26767E-02
  23.3280    2.28636E-02
  23.3300    3.26348E-02
  23.3320    4.06956E-02
  23.3340    4.69100E-02
  23.3360    5.15661E-02
  23.3380    5.50137E-02
  23.3400    5.75284E-02
  23.3420    5.93304E-02
  23.3440    6.05711E-02
  23.3460    6.13615E-02
  23.3480    6.17674E-02
  23.3500    6.18338E-02
  23.3520    6.16752E-02
  23.3540    6.14218E-02
  23.3560    6.10165E-02
  23.3580    6.04011E-02
  23.3600    5.96032E-02
  23.3620    5.86312E-02
  23.3640    5.74266E-02
  23.3660    5.59445E-02
  23.3680    5.45555E-02
  23.3700    5.34867E-02
  23.3720    5.22875E-02
  23.3740    5.08336E-02
  23.3760    4.92344E-02
  23.3780    4.75423E-02
  23.3800    4.57691E-02
  23.3820    4.39239E-02
  23.3840    4.20083E-02
  23.3860    4.00287E-02
  23.3880    3.79909E-02
  23.3900    3.58945E-02
  23.3920    3.37469E-02
  23.3940    3.15468E-02
  23.3960    2.93035E-02
  23.3980    2.70185E-02
  23.4000    2.46984E-02
  23.4020    2.23488E-02
  23.4040    1.99656E-02
  23.4060    1.75508E-02
  23.4080    1.50920E-02
  23.4100    1.25726E-02
  23.4120    9.94632E-03
  23.4140    7.17258E-03
  23.4160    4.34265E-03
  23.4180    1.93799E-03
  23.4200    6.33283E-04
  23.4220    4.52038E-04
  23.4240    7.90540E-04
  23.4260    1.02001E-03
  23.4280    9.26828E-04
  23.4300    6.61327E-04
  23.4320    3.93625E-04
  23.4340    1.96445E-04
  23.4360    7.42621E-05
  23.4380    1.59417E-05
  23.4400    1.37998E-06
  23.4420    3.77733E-08
  23.4440    1.08795E-10
  23.4460  0.
  23.4480  0.
  23.4500  0.
  23.4520  0.
  23.4540  0.
  23.4560  0.
  23.4580  0.
  23.4600  0.
  23.4620  0.
  23.4640  0.
  23.4660  0.
  23.4680  0.
  23.4700  0.
  23.4720  0.
  23.4740  0.
  23.4760  0.
  23.4780  0.
  23.4800  0.
  23.4820  0.
  23.4840  0.
  23.4860  0.
  23.4880  0.
  23.4900  0.
  23.4920  0.
  23.4940  0.
  23.4960  0.
  23.4980  0.
  23.5000  0.
  23.5020  0.
  23.5040  0.
  23.5060  0.
  23.5080  0.
  23.5100  0.
  23.5120  0.
  23.5140  0.
  23.5160  0.
  23.5180  0.
  23.5200  0.
  23.5220  0.
  23.5240  0.
  23.5260  0.
  23.5280  0.
  23.5300  0.
  23.5320  0.
  23.5340  0.
  23.5360  0.
  23.5380  0.
  23.5400    2.43402E-09
  23.5420    1.80456E-07
  23.5440    3.48588E-06
  23.5460    2.17757E-05
  23.5480    5.62107E-05
  23.5500    8.84123E-05
  23.5520    1.17052E-04
  23.5540    1.46778E-04
  23.5560    1.76213E-04
  23.5580    2.01334E-04
  23.5600    2.20059E-04
  23.5620    2.31655E-04
  23.5640    2.35778E-04
  23.5660    2.32581E-04
  23.5680    2.22719E-04
  23.5700    2.07194E-04
  23.5720    1.87275E-04
  23.5740    1.64219E-04
  23.5760    1.39319E-04
  23.5780    1.14505E-04
  23.5800    9.14270E-05
  23.5820    6.79069E-05
  23.5840    3.81067E-05
  23.5860    1.08412E-05
  23.5880    1.11033E-06
  23.5900    3.41633E-08
  23.5920    1.19399E-10
  23.5940  0.
  23.5960  0.
  23.5980  0.
  23.6000  0.
  23.6020  0.
  23.6040  0.
  23.6060  0.
  23.6080  0.
  23.6100  0.
  23.6120  0.
  23.6140  0.
  23.6160  0.
  23.6180  0.
  23.6200  0.
  23.6220  0.
  23.6240  0.
  23.6260  0.
  23.6280  0.
  23.6300  0.
  23.6320  0.
  23.6340  0.
  23.6360  0.
  23.6380  0.
  23.6400  0.
  23.6420  0.
  23.6440  0.
  23.6460  0.
  23.6480  0.
  23.6500  0.
  23.6520  0.
  23.6540  0.
  23.6560  0.
  23.6580  0.
  23.6600  0.
  23.6620  0.
  23.6640  0.
  23.6660  0.
  23.6680  0.
  23.6700  0.
  23.6720  0.
  23.6740  0.
  23.6760  0.
  23.6780  0.
  23.6800  0.
  23.6820  0.
  23.6840  0.
  23.6860  0.
  23.6880  0.
  23.6900  0.
  23.6920  0.
  23.6940  0.
  23.6960  0.
  23.6980  0.
  23.7000  0.
  23.7020  0.
  23.7040  0.
  23.7060  0.
  23.7080  0.
  23.7100  0.
  23.7120  0.
  23.7140  0.
  23.7160  0.
  23.7180  0.
  23.7200  0.
  23.7220  0.
  23.7240  0.
  23.7260  0.
  23.7280  0.
  23.7300  0.
  23.7320  0.
  23.7340  0.
  23.7360  0.
  23.7380  0.
  23.7400  0.
  23.7420  0.
  23.7440  0.
  23.7460  0.
  23.7480  0.
  23.7500  0.
  23.7520  0.
  23.7540  0.
  23.7560  0.
  23.7580  0.
  23.7600  0.
  23.7620  0.
  23.7640  0.
  23.7660  0.
  23.7680  0.
  23.7700  0.
  23.7720  0.
  23.7740  0.
  23.7760  0.
  23.7780  0.
  23.7800  0.
  23.7820  0.
  23.7840  0.
  23.7860  0.
  23.7880  0.
  23.7900  0.
  23.7920  0.
  23.7940  0.
  23.7960  0.
  23.7980  0.
  23.8000  0.
  23.8020  0.
  23.8040  0.
  23.8060  0.
  23.8080  0.
  23.8100  0.
  23.8120  0.
  23.8140  0.
  23.8160  0.
  23.8180  0.
  23.8200  0.
  23.8220  0.
  23.8240  0.
  23.8260  0.
  23.8280  0.
  23.8300  0.
  23.8320  0.
  23.8340  0.
  23.8360  0.
  23.8380  0.
  23.8400  0.
  23.8420  0.
  23.8440  0.
  23.8460  0.
  23.8480  0.
  23.8500  0.
  23.8520  0.
  23.8540  0.
  23.8560  0.
  23.8580  0.
  23.8600  0.
  23.8620  0.
  23.8640  0.
  23.8660  0.
  23.8680  0.
  23.8700  0.
  23.8720  0.
  23.8740  0.
  23.8760  0.
  23.8780  0.
  23.8800  0.
  23.8820  0.
  23.8840  0.
  23.8860  0.
  23.8880  0.
  23.8900  0.
  23.8920  0.
  23.8940  0.
  23.8960  0.
  23.8980  0.
  23.9000  0.
  23.9020  0.
  23.9040  0.
  23.9060  0.
  23.9080  0.
  23.9100  0.
  23.9120  0.
  23.9140  0.
  23.9160  0.
  23.9180  0.
  23.9200  0.
  23.9220  0.
  23.9240  0.
  23.9260  0.
  23.9280  0.
  23.9300  0.
  23.9320  0.
  23.9340  0.
  23.9360  0.
  23.9380  0.
  23.9400  0.
  23.9420  0.
  23.9440  0.
  23.9460  0.
  23.9480  0.
  23.9500  0.
  23.9520  0.
  23.9540  0.
  23.9560  0.
  23.9580  0.
  23.9600  0.
  23.9620  0.
  23.9640  0.
  23.9660  0.
  23.9680  0.
  23.9700  0.
  23.9720  0.
  23.9740  0.
  23.9760  0.
  23.9780  0.
  23.9800  0.
  23.9820  0.
  23.9840  0.
  23.9860  0.
  23.9880  0.
  23.9900  0.
  23.9920  0.
  23.9940  0.
  23.9960  0.
  23.9980  0.
  24.0000  0.
  24.0020  0.
  24.0040  0.
  24.0060  0.
  24.0080  0.
  24.0100  0.
  24.0120  0.
  24.0140  0.
  24.0160  0.
  24.0180  0.
  24.0200  0.
  24.0220  0.
  24.0240  0.
  24.0260  0.
  24.0280  0.
  24.0300  0.
  24.0320  0.
  24.0340    2.59662E-09
  24.0360    1.82435E-07
  24.0380    3.36745E-06
  24.0400    1.97921E-05
  24.0420    4.70044E-05
  24.0440    6.75601E-05
  24.0460    8.41309E-05
  24.0480    1.02177E-04
  24.0500    1.22320E-04
  24.0520    1.43380E-04
  24.0540    1.62433E-04
  24.0560    1.79939E-04
  24.0580    2.08955E-04
  24.0600    2.54119E-04
  24.0620    3.01734E-04
  24.0640    3.45937E-04
  24.0660    3.87733E-04
  24.0680    4.27251E-04
  24.0700    4.62880E-04
  24.0720    4.91897E-04
  24.0740    5.10630E-04
  24.0760    5.14275E-04
  24.0780    4.97206E-04
  24.0800    4.53699E-04
  24.0820    3.79973E-04
  24.0840    2.79057E-04
  24.0860    1.65152E-04
  24.0880    6.51555E-05
  24.0900    1.26397E-05
  24.0920    9.02553E-07
  24.0940    1.93197E-08
  24.0960  0.
  24.0980  0.
  24.1000  0.
  24.1020    1.03199E-08
  24.1040    5.06566E-07
  24.1060    6.88860E-06
  24.1080    2.84762E-05
  24.1100    3.80784E-05
  24.1120    1.67294E-05
  24.1140    3.42393E-06
  24.1160    2.47192E-05
  24.1180    2.00610E-04
  24.1200    7.50951E-04
  24.1220    1.62984E-03
  24.1240    2.52508E-03
  24.1260    3.27310E-03
  24.1280    4.03082E-03
  24.1300    4.98177E-03
  24.1320    6.00646E-03
  24.1340    6.95252E-03
  24.1360    7.80816E-03
  24.1380    8.60783E-03
  24.1400    9.37783E-03
  24.1420    1.01298E-02
  24.1440    1.08715E-02
  24.1460    1.16053E-02
  24.1480    1.23346E-02
  24.1500    1.30586E-02
  24.1520    1.37748E-02
  24.1540    1.44828E-02
  24.1560    1.51753E-02
  24.1580    1.58377E-02
  24.1600    1.64405E-02
  24.1620    1.69217E-02
  24.1640    1.71387E-02
  24.1660    1.67829E-02
  24.1680    1.52645E-02
  24.1700    1.22522E-02
  24.1720    1.01451E-02
  24.1740    1.24081E-02
  24.1760    1.71222E-02
  24.1780    2.08193E-02
  24.1800    2.31018E-02
  24.1820    2.46632E-02
  24.1840    2.59065E-02
  24.1860    2.70007E-02
  24.1880    2.80174E-02
  24.1900    2.89914E-02
  24.1920    2.99409E-02
  24.1940    3.08735E-02
  24.1960    3.17969E-02
  24.1980    3.27132E-02
  24.2000    3.36262E-02
  24.2020    3.45345E-02
  24.2040    3.54375E-02
  24.2060    3.63364E-02
  24.2080    3.72250E-02
  24.2100    3.80928E-02
  24.2120    3.89228E-02
  24.2140    3.97382E-02
  24.2160    4.06222E-02
  24.2180    4.15950E-02
  24.2200    4.25753E-02
  24.2220    4.35184E-02
  24.2240    4.44359E-02
  24.2260    4.53373E-02
  24.2280    4.62264E-02
  24.2300    4.71057E-02
  24.2320    4.79721E-02
  24.2340    4.88241E-02
  24.2360    4.96545E-02
  24.2380    5.04549E-02
  24.2400    5.12071E-02
  24.2420    5.18777E-02
  24.2440    5.23991E-02
  24.2460    5.26104E-02
  24.2480    5.21357E-02
  24.2500    5.03469E-02
  24.2520    4.74994E-02
  24.2540    4.66364E-02
  24.2560    4.98322E-02
  24.2580    5.42562E-02
  24.2600    5.74141E-02
  24.2620    5.94013E-02
  24.2640    6.07889E-02
  24.2660    6.18727E-02
  24.2680    6.27435E-02
  24.2700    6.33513E-02
  24.2720    6.33911E-02
  24.2740    6.21344E-02
  24.2760    5.99119E-02
  24.2780    6.02793E-02
  24.2800    6.39386E-02
  24.2820    6.72109E-02
  24.2840    6.90957E-02
  24.2860    7.03251E-02
  24.2880    7.13125E-02
  24.2900    7.21982E-02
  24.2920    7.30306E-02
  24.2940    7.38296E-02
  24.2960    7.46064E-02
  24.2980    7.53644E-02
  24.3000    7.61071E-02
  24.3020    7.68327E-02
  24.3040    7.75436E-02
  24.3060    7.82402E-02
  24.3080    7.89158E-02
  24.3100    7.95626E-02
  24.3120    8.01965E-02
  24.3140    8.08535E-02
  24.3160    8.14968E-02
  24.3180    8.20422E-02
  24.3200    8.23842E-02
  24.3220    8.25702E-02
  24.3240    8.30735E-02
  24.3260    8.40325E-02
  24.3280    8.50112E-02
  24.3300    8.58088E-02
  24.3320    8.64845E-02
  24.3340    8.71048E-02
  24.3360    8.76977E-02
  24.3380    8.82688E-02
  24.3400    8.88226E-02
  24.3420    8.93644E-02
  24.3440    8.98943E-02
  24.3460    9.04119E-02
  24.3480    9.09173E-02
  24.3500    9.14077E-02
  24.3520    9.18846E-02
  24.3540    9.23507E-02
  24.3560    9.28064E-02
  24.3580    9.32500E-02
  24.3600    9.36804E-02
  24.3620    9.40969E-02
  24.3640    9.44998E-02
  24.3660    9.48898E-02
  24.3680    9.52638E-02
  24.3700    9.56236E-02
  24.3720    9.59682E-02
  24.3740    9.62912E-02
  24.3760    9.65854E-02
  24.3780    9.68567E-02
  24.3800    9.71257E-02
  24.3820    9.73768E-02
  24.3840    9.75879E-02
  24.3860    9.77592E-02
  24.3880    9.78886E-02
  24.3900    9.79680E-02
  24.3920    9.79805E-02
  24.3940    9.78994E-02
  24.3960    9.76863E-02
  24.3980    9.72835E-02
  24.4000    9.66655E-02
  24.4020    9.58567E-02
  24.4040    9.46958E-02
  24.4060    9.27378E-02
  24.4080    8.93288E-02
  24.4100    8.38175E-02
  24.4120    7.60317E-02
  24.4140    6.46816E-02
  24.4160    4.74918E-02
  24.4180    2.89215E-02
  24.4200    2.17591E-02
  24.4220    3.25517E-02
  24.4240    5.28168E-02
  24.4260    7.06407E-02
  24.4280    8.22629E-02
  24.4300    8.92201E-02
  24.4320    9.34905E-02
  24.4340    9.62475E-02
  24.4360    9.81210E-02
  24.4380    9.94468E-02
  24.4400    1.00415E-01
  24.4420    1.01134E-01
  24.4440    1.01657E-01
  24.4460    1.02028E-01
  24.4480    1.02344E-01
  24.4500    1.02681E-01
  24.4520    1.02983E-01
  24.4540    1.03208E-01
  24.4560    1.03370E-01
  24.4580    1.03488E-01
  24.4600    1.03568E-01
  24.4620    1.03619E-01
  24.4640    1.03650E-01
  24.4660    1.03660E-01
  24.4680    1.03650E-01
  24.4700    1.03621E-01
  24.4720    1.03575E-01
  24.4740    1.03516E-01
  24.4760    1.03439E-01
  24.4780    1.03343E-01
  24.4800    1.03233E-01
  24.4820    1.03110E-01
  24.4840    1.02973E-01
  24.4860    1.02799E-01
  24.4880    1.02496E-01
  24.4900    1.02145E-01
  24.4920    1.02079E-01
  24.4940    1.02021E-01
  24.4960    1.01807E-01
  24.4980    1.01542E-01
  24.5000    1.01286E-01
  24.5020    1.01048E-01
  24.5040    1.00797E-01
  24.5060    1.00514E-01
  24.5080    1.00199E-01
  24.5100    9.98537E-02
  24.5120    9.94693E-02
  24.5140    9.90353E-02
  24.5160    9.85367E-02
  24.5180    9.79370E-02
  24.5200    9.71384E-02
  24.5220    9.58337E-02
  24.5240    9.33517E-02
  24.5260    8.94923E-02
  24.5280    8.40819E-02
  24.5300    7.40716E-02
  24.5320    6.64684E-02
  24.5340    7.34512E-02
  24.5360    8.18137E-02
  24.5380    8.17927E-02
  24.5400    7.52042E-02
  24.5420    6.76928E-02
  24.5440    6.87859E-02
  24.5460    7.71466E-02
  24.5480    8.38731E-02
  24.5500    8.68076E-02
  24.5520    8.74291E-02
  24.5540    8.69702E-02
  24.5560    8.64543E-02
  24.5580    8.61924E-02
  24.5600    8.59663E-02
  24.5620    8.61223E-02
  24.5640    8.64113E-02
  24.5660    8.63419E-02
  24.5680    8.59568E-02
  24.5700    8.54106E-02
  24.5720    8.47822E-02
  24.5740    8.41018E-02
  24.5760    8.33817E-02
  24.5780    8.26245E-02
  24.5800    8.18304E-02
  24.5820    8.09985E-02
  24.5840    8.01306E-02
  24.5860    7.92260E-02
  24.5880    7.82813E-02
  24.5900    7.72979E-02
  24.5920    7.62710E-02
  24.5940    7.51961E-02
  24.5960    7.40699E-02
  24.5980    7.28909E-02
  24.6000    7.16595E-02
  24.6020    7.03591E-02
  24.6040    6.89653E-02
  24.6060    6.74088E-02
  24.6080    6.57392E-02
  24.6100    6.41868E-02
  24.6120    6.25834E-02
  24.6140    6.07632E-02
  24.6160    5.87572E-02
  24.6180    5.65678E-02
  24.6200    5.41648E-02
  24.6220    5.15735E-02
  24.6240    4.88940E-02
  24.6260    4.60889E-02
  24.6280    4.30026E-02
  24.6300    3.95783E-02
  24.6320    3.58330E-02
  24.6340    3.17695E-02
  24.6360    2.74101E-02
  24.6380    2.28063E-02
  24.6400    1.80523E-02
  24.6420    1.33404E-02
  24.6440    8.93904E-03
  24.6460    5.21055E-03
  24.6480    2.48286E-03
  24.6500    8.87764E-04
  24.6520    2.10145E-04
  24.6540    2.69563E-05
  24.6560    1.46426E-06
  24.6580    2.55344E-08
  24.6600  0.
  24.6620  0.
  24.6640    9.01789E-09
  24.6660    6.98463E-07
  24.6680    1.57658E-05
  24.6700    1.39532E-04
  24.6720    6.28604E-04
  24.6740    1.79748E-03
  24.6760    3.75522E-03
  24.6780    6.29671E-03
  24.6800    9.17578E-03
  24.6820    1.24111E-02
  24.6840    1.58942E-02
  24.6860    1.92360E-02
  24.6880    2.21779E-02
  24.6900    2.46925E-02
  24.6920    2.68236E-02
  24.6940    2.86068E-02
  24.6960    3.00831E-02
  24.6980    3.12867E-02
  24.7000    3.22518E-02
  24.7020    3.30023E-02
  24.7040    3.35543E-02
  24.7060    3.39082E-02
  24.7080    3.40301E-02
  24.7100    3.38890E-02
  24.7120    3.36683E-02
  24.7140    3.37302E-02
  24.7160    3.39923E-02
  24.7180    3.41152E-02
  24.7200    3.40360E-02
  24.7220    3.38258E-02
  24.7240    3.35323E-02
  24.7260    3.31784E-02
  24.7280    3.27752E-02
  24.7300    3.23263E-02
  24.7320    3.18332E-02
  24.7340    3.12923E-02
  24.7360    3.06929E-02
  24.7380    3.00063E-02
  24.7400    2.91603E-02
  24.7420    2.79589E-02
  24.7440    2.60015E-02
  24.7460    2.33508E-02
  24.7480    2.18885E-02
  24.7500    2.28398E-02
  24.7520    2.42417E-02
  24.7540    2.47508E-02
  24.7560    2.46284E-02
  24.7580    2.42389E-02
  24.7600    2.37359E-02
  24.7620    2.31722E-02
  24.7640    2.25551E-02
  24.7660    2.18346E-02
  24.7680    2.10348E-02
  24.7700    2.04463E-02
  24.7720    2.00395E-02
  24.7740    1.95434E-02
  24.7760    1.89671E-02
  24.7780    1.83708E-02
  24.7800    1.77722E-02
  24.7820    1.71753E-02
  24.7840    1.65826E-02
  24.7860    1.59943E-02
  24.7880    1.54126E-02
  24.7900    1.48369E-02
  24.7920    1.42688E-02
  24.7940    1.37089E-02
  24.7960    1.31564E-02
  24.7980    1.26122E-02
  24.8000    1.20765E-02
  24.8020    1.15505E-02
  24.8040    1.10338E-02
  24.8060    1.05271E-02
  24.8080    1.00315E-02
  24.8100    9.54596E-03
  24.8120    9.07176E-03
  24.8140    8.60809E-03
  24.8160    8.15599E-03
  24.8180    7.71580E-03
  24.8200    7.28885E-03
  24.8220    6.87518E-03
  24.8240    6.47317E-03
  24.8260    6.08387E-03
  24.8280    5.70671E-03
  24.8300    5.34289E-03
  24.8320    4.99175E-03
  24.8340    4.65374E-03
  24.8360    4.32940E-03
  24.8380    4.01811E-03
  24.8400    3.72047E-03
  24.8420    3.43584E-03
  24.8440    3.16460E-03
  24.8460    2.90679E-03
  24.8480    2.66198E-03
  24.8500    2.43047E-03
  24.8520    2.21172E-03
  24.8540    2.00585E-03
  24.8560    1.81240E-03
  24.8580    1.63139E-03
  24.8600    1.46266E-03
  24.8620    1.30574E-03
  24.8640    1.16046E-03
  24.8660    1.02625E-03
  24.8680    9.02971E-04
  24.8700    7.90088E-04
  24.8720    6.87294E-04
  24.8740    5.94354E-04
  24.8760    5.10546E-04
  24.8780    4.35510E-04
  24.8800    3.68608E-04
  24.8820    3.09471E-04
  24.8840    2.57483E-04
  24.8860    2.12173E-04
  24.8880    1.73075E-04
  24.8900    1.39552E-04
  24.8920    1.11171E-04
  24.8940    8.72298E-05
  24.8960    6.54596E-05
  24.8980    3.87671E-05
  24.9000    1.20631E-05
  24.9020    1.38154E-06
  24.9040    4.76155E-08
  24.9060    3.18022E-10
  24.9080  0.
  24.9100  0.
  24.9120  0.
  24.9140  0.
  24.9160  0.
  24.9180  0.
  24.9200  0.
  24.9220  0.
  24.9240  0.
  24.9260  0.
  24.9280  0.
  24.9300  0.
  24.9320  0.
  24.9340  0.
  24.9360  0.
  24.9380  0.
  24.9400  0.
  24.9420  0.
  24.9440  0.
  24.9460  0.
  24.9480  0.
  24.9500  0.
  24.9520  0.
  24.9540  0.
  24.9560  0.
  24.9580  0.
  24.9600  0.
  24.9620  0.
  24.9640  0.
  24.9660  0.
  24.9680  0.
  24.9700  0.
  24.9720  0.
  24.9740  0.
  24.9760  0.
  24.9780  0.
  24.9800  0.
  24.9820  0.
  24.9840  0.
  24.9860  0.
  24.9880  0.
  24.9900  0.
  24.9920  0.
  24.9940  0.
  24.9960  0.
  24.9980  0.
  25.0000  0.
  25.0020  0.
  25.0040  0.
  25.0060  0.
  25.0080  0.
  25.0100  0.
  25.0120  0.
  25.0140  0.
  25.0160  0.
  25.0180  0.
  25.0200  0.
  25.0220  0.
  25.0240  0.
  25.0260  0.
  25.0280  0.
  25.0300  0.
  25.0320  0.
  25.0340  0.
  25.0360  0.
  25.0380  0.
  25.0400  0.
  25.0420  0.
  25.0440  0.
  25.0460  0.
  25.0480  0.
  25.0500  0.
  25.0520  0.
  25.0540  0.
  25.0560  0.
  25.0580  0.
  25.0600  0.
  25.0620  0.
  25.0640  0.
  25.0660  0.
  25.0680  0.
  25.0700  0.
  25.0720  0.
  25.0740  0.
  25.0760  0.
  25.0780  0.
  25.0800  0.
  25.0820  0.
  25.0840  0.
  25.0860  0.
  25.0880  0.
  25.0900  0.
  25.0920  0.
  25.0940  0.
  25.0960  0.
  25.0980  0.
  25.1000  0.
  25.1020  0.
  25.1040  0.
  25.1060  0.
  25.1080  0.
  25.1100  0.
  25.1120  0.
  25.1140  0.
  25.1160  0.
  25.1180  0.
  25.1200  0.
  25.1220  0.
  25.1240  0.
  25.1260  0.
  25.1280  0.
  25.1300  0.
  25.1320  0.
  25.1340  0.
  25.1360  0.
  25.1380  0.
  25.1400  0.
  25.1420  0.
  25.1440  0.
  25.1460  0.
  25.1480  0.
  25.1500  0.
  25.1520  0.
  25.1540  0.
  25.1560  0.
  25.1580  0.
  25.1600  0.
  25.1620  0.
  25.1640  0.
  25.1660  0.
  25.1680  0.
  25.1700  0.
  25.1720  0.
  25.1740  0.
  25.1760  0.
  25.1780  0.
  25.1800  0.
  25.1820  0.
  25.1840  0.
  25.1860  0.
  25.1880  0.
  25.1900  0.
  25.1920  0.
  25.1940  0.
  25.1960  0.
  25.1980  0.
  25.2000  0.
  25.2020  0.
  25.2040  0.
  25.2060  0.
  25.2080  0.
  25.2100  0.
  25.2120  0.
  25.2140  0.
  25.2160  0.
  25.2180  0.
  25.2200  0.
  25.2220  0.
  25.2240  0.
  25.2260  0.
  25.2280  0.
  25.2300  0.
  25.2320  0.
  25.2340  0.
  25.2360  0.
  25.2380  0.
  25.2400  0.
  25.2420  0.
  25.2440  0.
  25.2460  0.
  25.2480  0.
  25.2500  0.
  25.2520  0.
  25.2540  0.
  25.2560  0.
  25.2580  0.
  25.2600  0.
  25.2620  0.
  25.2640  0.
  25.2660  0.
  25.2680  0.
  25.2700  0.
  25.2720  0.
  25.2740  0.
  25.2760  0.
  25.2780  0.
  25.2800  0.
  25.2820  0.
  25.2840  0.
  25.2860  0.
  25.2880  0.
  25.2900  0.
  25.2920  0.
  25.2940  0.
  25.2960  0.
  25.2980  0.
  25.3000  0.
  25.3020  0.
  25.3040  0.
  25.3060  0.
  25.3080  0.
  25.3100  0.
  25.3120  0.
  25.3140  0.
  25.3160  0.
  25.3180  0.
  25.3200  0.
  25.3220  0.
  25.3240  0.
  25.3260  0.
  25.3280  0.
  25.3300  0.
  25.3320  0.
  25.3340  0.
  25.3360  0.
  25.3380  0.
  25.3400  0.
  25.3420  0.
  25.3440  0.
  25.3460  0.
  25.3480  0.
  25.3500  0.
  25.3520  0.
  25.3540  0.
  25.3560  0.
  25.3580  0.
  25.3600  0.
  25.3620  0.
  25.3640  0.
  25.3660  0.
  25.3680  0.
  25.3700  0.
  25.3720  0.
  25.3740  0.
  25.3760  0.
  25.3780  0.
  25.3800  0.
  25.3820  0.
  25.3840  0.
  25.3860  0.
  25.3880  0.
  25.3900  0.
  25.3920  0.
  25.3940  0.
  25.3960  0.
  25.3980  0.
  25.4000  0.
  25.4020  0.
  25.4040  0.
  25.4060  0.
  25.4080  0.
  25.4100  0.
  25.4120  0.
  25.4140  0.
  25.4160  0.
  25.4180  0.
  25.4200  0.
  25.4220  0.
  25.4240  0.
  25.4260  0.
  25.4280  0.
  25.4300  0.
  25.4320  0.
  25.4340  0.
  25.4360  0.
  25.4380  0.
  25.4400  0.
  25.4420  0.
  25.4440  0.
  25.4460  0.
  25.4480  0.
  25.4500  0.
  25.4520  0.
  25.4540  0.
  25.4560  0.
  25.4580  0.
  25.4600  0.
  25.4620    2.62238E-08
  25.4640    9.08139E-07
  25.4660    9.30754E-06
  25.4680    3.33656E-05
  25.4700    5.81023E-05
  25.4720    7.46153E-05
  25.4740    9.02369E-05
  25.4760    1.09031E-04
  25.4780    1.31826E-04
  25.4800    1.57623E-04
  25.4820    1.85917E-04
  25.4840    2.17112E-04
  25.4860    2.51478E-04
  25.4880    2.88991E-04
  25.4900    3.29354E-04
  25.4920    3.71801E-04
  25.4940    4.15177E-04
  25.4960    4.60768E-04
  25.4980    5.13593E-04
  25.5000    5.71447E-04
  25.5020    6.27173E-04
  25.5040    6.76659E-04
  25.5060    7.14203E-04
  25.5080    7.26712E-04
  25.5100    6.86363E-04
  25.5120    5.48682E-04
  25.5140    3.08882E-04
  25.5160    9.61942E-05
  25.5180    4.61896E-05
  25.5200    2.07931E-04
  25.5220    5.86262E-04
  25.5240    1.00890E-03
  25.5260    1.33728E-03
  25.5280    1.57055E-03
  25.5300    1.74190E-03
  25.5320    1.85592E-03
  25.5340    1.90063E-03
  25.5360    1.99832E-03
  25.5380    2.25215E-03
  25.5400    2.51258E-03
  25.5420    2.69173E-03
  25.5440    2.82277E-03
  25.5460    2.91842E-03
  25.5480    3.00190E-03
  25.5500    3.17207E-03
  25.5520    3.41850E-03
  25.5540    3.64724E-03
  25.5560    3.83877E-03
  25.5580    4.01057E-03
  25.5600    4.17387E-03
  25.5620    4.33207E-03
  25.5640    4.48396E-03
  25.5660    4.60728E-03
  25.5680    4.68458E-03
  25.5700    4.83687E-03
  25.5720    5.05828E-03
  25.5740    5.22995E-03
  25.5760    5.36363E-03
  25.5780    5.44733E-03
  25.5800    5.47676E-03
  25.5820    5.60657E-03
  25.5840    5.83525E-03
  25.5860    6.02207E-03
  25.5880    6.17121E-03
  25.5900    6.30322E-03
  25.5920    6.42484E-03
  25.5940    6.53873E-03
  25.5960    6.64566E-03
  25.5980    6.74578E-03
  25.6000    6.83627E-03
  25.6020    6.90396E-03
  25.6040    6.92695E-03
  25.6060    6.89468E-03
  25.6080    6.79945E-03
  25.6100    6.89872E-03
  25.6120    7.13192E-03
  25.6140    7.23668E-03
  25.6160    7.25974E-03
  25.6180    7.25135E-03
  25.6200    7.21546E-03
  25.6220    7.14515E-03
  25.6240    7.02616E-03
  25.6260    6.83091E-03
  25.6280    6.51218E-03
  25.6300    6.01711E-03
  25.6320    5.41615E-03
  25.6340    5.02473E-03
  25.6360    4.93265E-03
  25.6380    4.71657E-03
  25.6400    4.13194E-03
  25.6420    3.22442E-03
  25.6440    2.11150E-03
  25.6460    1.03538E-03
  25.6480    3.20344E-04
  25.6500    5.01224E-05
  25.6520    3.25060E-06
  25.6540    3.27850E-06
  25.6560    5.01191E-05
  25.6580    3.18873E-04
  25.6600    1.03045E-03
  25.6620    2.10217E-03
  25.6640    3.22587E-03
  25.6660    4.18828E-03
  25.6680    4.94112E-03
  25.6700    5.50603E-03
  25.6720    5.92393E-03
  25.6740    6.22933E-03
  25.6760    6.44910E-03
  25.6780    6.60402E-03
  25.6800    6.70821E-03
  25.6820    6.77246E-03
  25.6840    6.80389E-03
  25.6860    6.80640E-03
  25.6880    6.77486E-03
  25.6900    6.70207E-03
  25.6920    6.63924E-03
  25.6940    6.61427E-03
  25.6960    6.56572E-03
  25.6980    6.48671E-03
  25.7000    6.39224E-03
  25.7020    6.28710E-03
  25.7040    6.17234E-03
  25.7060    6.04712E-03
  25.7080    5.90966E-03
  25.7100    5.75413E-03
  25.7120    5.57146E-03
  25.7140    5.36338E-03
  25.7160    5.15017E-03
  25.7180    4.90882E-03
  25.7200    4.55259E-03
  25.7220    4.01069E-03
  25.7240    3.21326E-03
  25.7260    2.41460E-03
  25.7280    2.39430E-03
  25.7300    3.07232E-03
  25.7320    3.61417E-03
  25.7340    3.80736E-03
  25.7360    3.81231E-03
  25.7380    3.73952E-03
  25.7400    3.63278E-03
  25.7420    3.50967E-03
  25.7440    3.37774E-03
  25.7460    3.24139E-03
  25.7480    3.10270E-03
  25.7500    2.96344E-03
  25.7520    2.82413E-03
  25.7540    2.68572E-03
  25.7560    2.54898E-03
  25.7580    2.41391E-03
  25.7600    2.28124E-03
  25.7620    2.15103E-03
  25.7640    2.02386E-03
  25.7660    1.89943E-03
  25.7680    1.77808E-03
  25.7700    1.66009E-03
  25.7720    1.54513E-03
  25.7740    1.43329E-03
  25.7760    1.32369E-03
  25.7780    1.21488E-03
  25.7800    1.10316E-03
  25.7820    9.82326E-04
  25.7840    8.57676E-04
  25.7860    7.63339E-04
  25.7880    7.16617E-04
  25.7900    6.81424E-04
  25.7920    6.33887E-04
  25.7940    5.78416E-04
  25.7960    5.21823E-04
  25.7980    4.67304E-04
  25.8000    4.15854E-04
  25.8020    3.68048E-04
  25.8040    3.23884E-04
  25.8060    2.83409E-04
  25.8080    2.46595E-04
  25.8100    2.13216E-04
  25.8120    1.83222E-04
  25.8140    1.56372E-04
  25.8160    1.32544E-04
  25.8180    1.11493E-04
  25.8200    9.30371E-05
  25.8220    7.69460E-05
  25.8240    6.16516E-05
  25.8260    4.05292E-05
  25.8280    1.46819E-05
  25.8300    2.00998E-06
  25.8320    8.47092E-08
  25.8340    8.43614E-10
  25.8360  0.
  25.8380  0.
  25.8400  0.
  25.8420  0.
  25.8440  0.
  25.8460  0.
  25.8480  0.
  25.8500  0.
  25.8520  0.
  25.8540  0.
  25.8560  0.
  25.8580  0.
  25.8600  0.
  25.8620  0.
  25.8640  0.
  25.8660  0.
  25.8680  0.
  25.8700  0.
  25.8720  0.
  25.8740  0.
  25.8760  0.
  25.8780  0.
  25.8800  0.
  25.8820  0.
  25.8840  0.
  25.8860  0.
  25.8880  0.
  25.8900  0.
  25.8920  0.
  25.8940  0.
  25.8960  0.
  25.8980  0.
  25.9000  0.
  25.9020  0.
  25.9040  0.
  25.9060  0.
  25.9080  0.
  25.9100  0.
  25.9120  0.
  25.9140  0.
  25.9160  0.
  25.9180  0.
  25.9200  0.
  25.9220  0.
  25.9240  0.
  25.9260  0.
  25.9280  0.
  25.9300  0.
  25.9320  0.
  25.9340  0.
  25.9360  0.
  25.9380  0.
  25.9400  0.
  25.9420  0.
  25.9440  0.
  25.9460  0.
  25.9480  0.
  25.9500  0.
  25.9520  0.
  25.9540  0.
  25.9560  0.
  25.9580  0.
  25.9600  0.
  25.9620  0.
  25.9640  0.
  25.9660  0.
  25.9680  0.
  25.9700  0.
  25.9720  0.
  25.9740  0.
  25.9760  0.
  25.9780  0.
  25.9800  0.
  25.9820  0.
  25.9840  0.
  25.9860  0.
  25.9880  0.
  25.9900  0.
  25.9920  0.
  25.9940  0.
  25.9960  0.
  25.9980  0.
  26.0000  1.e-18
